otu_ID,asv_ID,asv_ID_top,best_id,best_id_dada,NCBI_id,final_id,n,ASV_number,Parasite
33,ASV_4239,ASV_4239,NA,Entamoeba,NA,Entamoeba,1,4239,Y
33,ASV_5651,ASV_4239,NA,Entamoeba,NA,Entamoeba,1,4239,Y
67,ASV_1961,ASV_1961,NA,Hypotrichomonas,NA,Hypotrichomonas,1,1961,Y
67,ASV_5779,ASV_1961,NA,Hypotrichomonas,NA,Hypotrichomonas,1,1961,Y
82,ASV_1247,ASV_3734,Oligacanthorhynchida,Moniliformis_moniliformis,NA,Moniliformis_moniliformis,2,3734,Y
82,ASV_1321,ASV_3734,Oligacanthorhynchida,Moniliformis_moniliformis,NA,Moniliformis_moniliformis,2,3734,Y
82,ASV_2377,ASV_3734,Oligacanthorhynchida,Moniliformis_moniliformis,NA,Moniliformis_moniliformis,2,3734,Y
82,ASV_3734,ASV_3734,Oligacanthorhynchida,Moniliformis_moniliformis,NA,Moniliformis_moniliformis,2,3734,Y
102,ASV_1428,ASV_1428,NA,Entamoeba,NA,Entamoeba,2,1428,Y
103,ASV_1466,ASV_1466,NA,Entamoeba,NA,Entamoeba,3,1466,Y
104,ASV_1627,ASV_709,NA,Entamoeba,Entamoeba_muris,Entamoeba,5,709,Y
104,ASV_709,ASV_709,NA,Entamoeba,Entamoeba_muris,Entamoeba,5,709,Y
113,ASV_261,ASV_261,Cryptosporidium,Cryptosporidium,NA,Cryptosporidium,3,261,Y
113,ASV_3053,ASV_261,Cryptosporidium,Cryptosporidium,NA,Cryptosporidium,3,261,Y
113,ASV_5200,ASV_261,Cryptosporidium,Cryptosporidium,NA,Cryptosporidium,3,261,Y
113,ASV_5823,ASV_261,Cryptosporidium,Cryptosporidium,NA,Cryptosporidium,3,261,Y
182,ASV_6079,ASV_6079,Microsporidia,Eukaryota,Microsporidia,Microsporidia,1,6079,Y
182,ASV_8025,ASV_6079,Microsporidia,Eukaryota,Microsporidia,Microsporidia,1,6079,Y
184,ASV_4747,ASV_4747,Microsporidia,Eukaryota,Microsporidia,Microsporidia,1,4747,Y
184,ASV_6633,ASV_4747,Microsporidia,Eukaryota,Microsporidia,Microsporidia,1,4747,Y
198,ASV_1141,ASV_48,Hexamastix,Eukaryota,Hexamastix,Hexamastix,28,48,Y
198,ASV_1157,ASV_48,Hexamastix,Eukaryota,Hexamastix,Hexamastix,28,48,Y
198,ASV_1488,ASV_48,Hexamastix,Eukaryota,Hexamastix,Hexamastix,28,48,Y
198,ASV_166,ASV_48,Hexamastix,Eukaryota,Hexamastix,Hexamastix,28,48,Y
198,ASV_179,ASV_48,Hexamastix,Eukaryota,Hexamastix,Hexamastix,28,48,Y
198,ASV_1843,ASV_48,Hexamastix,Eukaryota,Hexamastix,Hexamastix,28,48,Y
198,ASV_1862,ASV_48,Hexamastix,Eukaryota,Hexamastix,Hexamastix,28,48,Y
198,ASV_214,ASV_48,Hexamastix,Eukaryota,Hexamastix,Hexamastix,28,48,Y
198,ASV_2574,ASV_48,Hexamastix,Eukaryota,Hexamastix,Hexamastix,28,48,Y
198,ASV_273,ASV_48,Hexamastix,Eukaryota,Hexamastix,Hexamastix,28,48,Y
198,ASV_2890,ASV_48,Hexamastix,Eukaryota,Hexamastix,Hexamastix,28,48,Y
198,ASV_3399,ASV_48,Hexamastix,Eukaryota,Hexamastix,Hexamastix,28,48,Y
198,ASV_3608,ASV_48,Hexamastix,Eukaryota,Hexamastix,Hexamastix,28,48,Y
198,ASV_48,ASV_48,Hexamastix,Eukaryota,Hexamastix,Hexamastix,28,48,Y
198,ASV_5044,ASV_48,Hexamastix,Eukaryota,Hexamastix,Hexamastix,28,48,Y
198,ASV_587,ASV_48,Hexamastix,Eukaryota,Hexamastix,Hexamastix,28,48,Y
198,ASV_865,ASV_48,Hexamastix,Eukaryota,Hexamastix,Hexamastix,28,48,Y
198,ASV_914,ASV_48,Hexamastix,Eukaryota,Hexamastix,Hexamastix,28,48,Y
198,ASV_92,ASV_48,Hexamastix,Eukaryota,Hexamastix,Hexamastix,28,48,Y
199,ASV_3028,ASV_3455,Hexamastix,Eukaryota,NA,Hexamastix,2,3455,Y
199,ASV_3455,ASV_3455,Hexamastix,Eukaryota,NA,Hexamastix,2,3455,Y
203,ASV_1021,ASV_36,Hypotrichomonas,Hypotrichomonas_sanderai,NA,Hypotrichomonas,109,36,Y
203,ASV_1071,ASV_36,Hypotrichomonas,Hypotrichomonas_sanderai,NA,Hypotrichomonas,109,36,Y
203,ASV_1159,ASV_36,Hypotrichomonas,Hypotrichomonas_sanderai,NA,Hypotrichomonas,109,36,Y
203,ASV_1243,ASV_36,Hypotrichomonas,Hypotrichomonas_sanderai,NA,Hypotrichomonas,109,36,Y
203,ASV_1331,ASV_36,Hypotrichomonas,Hypotrichomonas_sanderai,NA,Hypotrichomonas,109,36,Y
203,ASV_1386,ASV_36,Hypotrichomonas,Hypotrichomonas_sanderai,NA,Hypotrichomonas,109,36,Y
203,ASV_1414,ASV_36,Hypotrichomonas,Hypotrichomonas_sanderai,NA,Hypotrichomonas,109,36,Y
203,ASV_146,ASV_36,Hypotrichomonas,Hypotrichomonas_sanderai,NA,Hypotrichomonas,109,36,Y
203,ASV_1469,ASV_36,Hypotrichomonas,Hypotrichomonas_sanderai,NA,Hypotrichomonas,109,36,Y
203,ASV_1577,ASV_36,Hypotrichomonas,Hypotrichomonas_sanderai,NA,Hypotrichomonas,109,36,Y
203,ASV_1772,ASV_36,Hypotrichomonas,Hypotrichomonas_sanderai,NA,Hypotrichomonas,109,36,Y
203,ASV_1884,ASV_36,Hypotrichomonas,Hypotrichomonas_sanderai,NA,Hypotrichomonas,109,36,Y
203,ASV_1958,ASV_36,Hypotrichomonas,Hypotrichomonas_sanderai,NA,Hypotrichomonas,109,36,Y
203,ASV_1962,ASV_36,Hypotrichomonas,Hypotrichomonas_sanderai,NA,Hypotrichomonas,109,36,Y
203,ASV_2008,ASV_36,Hypotrichomonas,Hypotrichomonas_sanderai,NA,Hypotrichomonas,109,36,Y
203,ASV_205,ASV_36,Hypotrichomonas,Hypotrichomonas_sanderai,NA,Hypotrichomonas,109,36,Y
203,ASV_2135,ASV_36,Hypotrichomonas,Hypotrichomonas_sanderai,NA,Hypotrichomonas,109,36,Y
203,ASV_221,ASV_36,Hypotrichomonas,Hypotrichomonas_sanderai,NA,Hypotrichomonas,109,36,Y
203,ASV_2279,ASV_36,Hypotrichomonas,Hypotrichomonas_sanderai,NA,Hypotrichomonas,109,36,Y
203,ASV_2311,ASV_36,Hypotrichomonas,Hypotrichomonas_sanderai,NA,Hypotrichomonas,109,36,Y
203,ASV_258,ASV_36,Hypotrichomonas,Hypotrichomonas_sanderai,NA,Hypotrichomonas,109,36,Y
203,ASV_2597,ASV_36,Hypotrichomonas,Hypotrichomonas_sanderai,NA,Hypotrichomonas,109,36,Y
203,ASV_2650,ASV_36,Hypotrichomonas,Hypotrichomonas_sanderai,NA,Hypotrichomonas,109,36,Y
203,ASV_2853,ASV_36,Hypotrichomonas,Hypotrichomonas_sanderai,NA,Hypotrichomonas,109,36,Y
203,ASV_2999,ASV_36,Hypotrichomonas,Hypotrichomonas_sanderai,NA,Hypotrichomonas,109,36,Y
203,ASV_3036,ASV_36,Hypotrichomonas,Hypotrichomonas_sanderai,NA,Hypotrichomonas,109,36,Y
203,ASV_3071,ASV_36,Hypotrichomonas,Hypotrichomonas_sanderai,NA,Hypotrichomonas,109,36,Y
203,ASV_3140,ASV_36,Hypotrichomonas,Hypotrichomonas_sanderai,NA,Hypotrichomonas,109,36,Y
203,ASV_339,ASV_36,Hypotrichomonas,Hypotrichomonas_sanderai,NA,Hypotrichomonas,109,36,Y
203,ASV_3423,ASV_36,Hypotrichomonas,Hypotrichomonas_sanderai,NA,Hypotrichomonas,109,36,Y
203,ASV_347,ASV_36,Hypotrichomonas,Hypotrichomonas_sanderai,NA,Hypotrichomonas,109,36,Y
203,ASV_3479,ASV_36,Hypotrichomonas,Hypotrichomonas_sanderai,NA,Hypotrichomonas,109,36,Y
203,ASV_36,ASV_36,Hypotrichomonas,Hypotrichomonas_sanderai,NA,Hypotrichomonas,109,36,Y
203,ASV_3601,ASV_36,Hypotrichomonas,Hypotrichomonas_sanderai,NA,Hypotrichomonas,109,36,Y
203,ASV_4180,ASV_36,Hypotrichomonas,Hypotrichomonas_sanderai,NA,Hypotrichomonas,109,36,Y
203,ASV_43,ASV_36,Hypotrichomonas,Hypotrichomonas_sanderai,NA,Hypotrichomonas,109,36,Y
203,ASV_4616,ASV_36,Hypotrichomonas,Hypotrichomonas_sanderai,NA,Hypotrichomonas,109,36,Y
203,ASV_465,ASV_36,Hypotrichomonas,Hypotrichomonas_sanderai,NA,Hypotrichomonas,109,36,Y
203,ASV_4832,ASV_36,Hypotrichomonas,Hypotrichomonas_sanderai,NA,Hypotrichomonas,109,36,Y
203,ASV_490,ASV_36,Hypotrichomonas,Hypotrichomonas_sanderai,NA,Hypotrichomonas,109,36,Y
203,ASV_4906,ASV_36,Hypotrichomonas,Hypotrichomonas_sanderai,NA,Hypotrichomonas,109,36,Y
203,ASV_5006,ASV_36,Hypotrichomonas,Hypotrichomonas_sanderai,NA,Hypotrichomonas,109,36,Y
203,ASV_5258,ASV_36,Hypotrichomonas,Hypotrichomonas_sanderai,NA,Hypotrichomonas,109,36,Y
203,ASV_602,ASV_36,Hypotrichomonas,Hypotrichomonas_sanderai,NA,Hypotrichomonas,109,36,Y
203,ASV_603,ASV_36,Hypotrichomonas,Hypotrichomonas_sanderai,NA,Hypotrichomonas,109,36,Y
203,ASV_6112,ASV_36,Hypotrichomonas,Hypotrichomonas_sanderai,NA,Hypotrichomonas,109,36,Y
203,ASV_62,ASV_36,Hypotrichomonas,Hypotrichomonas_sanderai,NA,Hypotrichomonas,109,36,Y
203,ASV_645,ASV_36,Hypotrichomonas,Hypotrichomonas_sanderai,NA,Hypotrichomonas,109,36,Y
203,ASV_699,ASV_36,Hypotrichomonas,Hypotrichomonas_sanderai,NA,Hypotrichomonas,109,36,Y
203,ASV_719,ASV_36,Hypotrichomonas,Hypotrichomonas_sanderai,NA,Hypotrichomonas,109,36,Y
203,ASV_744,ASV_36,Hypotrichomonas,Hypotrichomonas_sanderai,NA,Hypotrichomonas,109,36,Y
203,ASV_831,ASV_36,Hypotrichomonas,Hypotrichomonas_sanderai,NA,Hypotrichomonas,109,36,Y
203,ASV_84,ASV_36,Hypotrichomonas,Hypotrichomonas_sanderai,NA,Hypotrichomonas,109,36,Y
203,ASV_869,ASV_36,Hypotrichomonas,Hypotrichomonas_sanderai,NA,Hypotrichomonas,109,36,Y
204,ASV_10767,ASV_1599,Hypotrichomonas,Hypotrichomonas_sanderai,NA,Hypotrichomonas,3,1599,Y
204,ASV_1599,ASV_1599,Hypotrichomonas,Hypotrichomonas_sanderai,NA,Hypotrichomonas,3,1599,Y
204,ASV_2362,ASV_1599,Hypotrichomonas,Hypotrichomonas_sanderai,NA,Hypotrichomonas,3,1599,Y
204,ASV_3246,ASV_1599,Hypotrichomonas,Hypotrichomonas_sanderai,NA,Hypotrichomonas,3,1599,Y
204,ASV_3807,ASV_1599,Hypotrichomonas,Hypotrichomonas_sanderai,NA,Hypotrichomonas,3,1599,Y
204,ASV_4201,ASV_1599,Hypotrichomonas,Hypotrichomonas_sanderai,NA,Hypotrichomonas,3,1599,Y
204,ASV_5009,ASV_1599,Hypotrichomonas,Hypotrichomonas_sanderai,NA,Hypotrichomonas,3,1599,Y
204,ASV_5197,ASV_1599,Hypotrichomonas,Hypotrichomonas_sanderai,NA,Hypotrichomonas,3,1599,Y
204,ASV_5203,ASV_1599,Hypotrichomonas,Hypotrichomonas_sanderai,NA,Hypotrichomonas,3,1599,Y
205,ASV_1125,ASV_64,Hypotrichomonas,Hypotrichomonas_mariae,NA,Hypotrichomonas,22,64,Y
205,ASV_1254,ASV_64,Hypotrichomonas,Hypotrichomonas_mariae,NA,Hypotrichomonas,22,64,Y
205,ASV_1417,ASV_64,Hypotrichomonas,Hypotrichomonas_mariae,NA,Hypotrichomonas,22,64,Y
205,ASV_1459,ASV_64,Hypotrichomonas,Hypotrichomonas_mariae,NA,Hypotrichomonas,22,64,Y
205,ASV_1641,ASV_64,Hypotrichomonas,Hypotrichomonas_mariae,NA,Hypotrichomonas,22,64,Y
205,ASV_1901,ASV_64,Hypotrichomonas,Hypotrichomonas_mariae,NA,Hypotrichomonas,22,64,Y
205,ASV_2298,ASV_64,Hypotrichomonas,Hypotrichomonas_mariae,NA,Hypotrichomonas,22,64,Y
205,ASV_2929,ASV_64,Hypotrichomonas,Hypotrichomonas_mariae,NA,Hypotrichomonas,22,64,Y
205,ASV_3163,ASV_64,Hypotrichomonas,Hypotrichomonas_mariae,NA,Hypotrichomonas,22,64,Y
205,ASV_3212,ASV_64,Hypotrichomonas,Hypotrichomonas_mariae,NA,Hypotrichomonas,22,64,Y
205,ASV_3237,ASV_64,Hypotrichomonas,Hypotrichomonas_mariae,NA,Hypotrichomonas,22,64,Y
205,ASV_5153,ASV_64,Hypotrichomonas,Hypotrichomonas_mariae,NA,Hypotrichomonas,22,64,Y
205,ASV_64,ASV_64,Hypotrichomonas,Hypotrichomonas_mariae,NA,Hypotrichomonas,22,64,Y
205,ASV_678,ASV_64,Hypotrichomonas,Hypotrichomonas_mariae,NA,Hypotrichomonas,22,64,Y
205,ASV_9891,ASV_64,Hypotrichomonas,Hypotrichomonas_mariae,NA,Hypotrichomonas,22,64,Y
206,ASV_1003,ASV_95,Hypotrichomonas,Hypotrichomonas_mariae,NA,Hypotrichomonas,36,95,Y
206,ASV_1103,ASV_95,Hypotrichomonas,Hypotrichomonas_mariae,NA,Hypotrichomonas,36,95,Y
206,ASV_1358,ASV_95,Hypotrichomonas,Hypotrichomonas_mariae,NA,Hypotrichomonas,36,95,Y
206,ASV_1435,ASV_95,Hypotrichomonas,Hypotrichomonas_mariae,NA,Hypotrichomonas,36,95,Y
206,ASV_1934,ASV_95,Hypotrichomonas,Hypotrichomonas_mariae,NA,Hypotrichomonas,36,95,Y
206,ASV_2106,ASV_95,Hypotrichomonas,Hypotrichomonas_mariae,NA,Hypotrichomonas,36,95,Y
206,ASV_2381,ASV_95,Hypotrichomonas,Hypotrichomonas_mariae,NA,Hypotrichomonas,36,95,Y
206,ASV_2534,ASV_95,Hypotrichomonas,Hypotrichomonas_mariae,NA,Hypotrichomonas,36,95,Y
206,ASV_2542,ASV_95,Hypotrichomonas,Hypotrichomonas_mariae,NA,Hypotrichomonas,36,95,Y
206,ASV_2602,ASV_95,Hypotrichomonas,Hypotrichomonas_mariae,NA,Hypotrichomonas,36,95,Y
206,ASV_2882,ASV_95,Hypotrichomonas,Hypotrichomonas_mariae,NA,Hypotrichomonas,36,95,Y
206,ASV_2936,ASV_95,Hypotrichomonas,Hypotrichomonas_mariae,NA,Hypotrichomonas,36,95,Y
206,ASV_3131,ASV_95,Hypotrichomonas,Hypotrichomonas_mariae,NA,Hypotrichomonas,36,95,Y
206,ASV_3238,ASV_95,Hypotrichomonas,Hypotrichomonas_mariae,NA,Hypotrichomonas,36,95,Y
206,ASV_3463,ASV_95,Hypotrichomonas,Hypotrichomonas_mariae,NA,Hypotrichomonas,36,95,Y
206,ASV_3539,ASV_95,Hypotrichomonas,Hypotrichomonas_mariae,NA,Hypotrichomonas,36,95,Y
206,ASV_3572,ASV_95,Hypotrichomonas,Hypotrichomonas_mariae,NA,Hypotrichomonas,36,95,Y
206,ASV_3760,ASV_95,Hypotrichomonas,Hypotrichomonas_mariae,NA,Hypotrichomonas,36,95,Y
206,ASV_386,ASV_95,Hypotrichomonas,Hypotrichomonas_mariae,NA,Hypotrichomonas,36,95,Y
206,ASV_4269,ASV_95,Hypotrichomonas,Hypotrichomonas_mariae,NA,Hypotrichomonas,36,95,Y
206,ASV_6114,ASV_95,Hypotrichomonas,Hypotrichomonas_mariae,NA,Hypotrichomonas,36,95,Y
206,ASV_6452,ASV_95,Hypotrichomonas,Hypotrichomonas_mariae,NA,Hypotrichomonas,36,95,Y
206,ASV_706,ASV_95,Hypotrichomonas,Hypotrichomonas_mariae,NA,Hypotrichomonas,36,95,Y
206,ASV_879,ASV_95,Hypotrichomonas,Hypotrichomonas_mariae,NA,Hypotrichomonas,36,95,Y
206,ASV_920,ASV_95,Hypotrichomonas,Hypotrichomonas_mariae,NA,Hypotrichomonas,36,95,Y
206,ASV_95,ASV_95,Hypotrichomonas,Hypotrichomonas_mariae,NA,Hypotrichomonas,36,95,Y
207,ASV_10611,ASV_418,unclassified_Parabasalia,Hypotrichomonas_sanderai,Tritrichomonas,Tritrichomonas,17,418,Y
207,ASV_10841,ASV_418,unclassified_Parabasalia,Hypotrichomonas_sanderai,Tritrichomonas,Tritrichomonas,17,418,Y
207,ASV_1429,ASV_418,unclassified_Parabasalia,Hypotrichomonas_sanderai,Tritrichomonas,Tritrichomonas,17,418,Y
207,ASV_1486,ASV_418,unclassified_Parabasalia,Hypotrichomonas_sanderai,Tritrichomonas,Tritrichomonas,17,418,Y
207,ASV_1511,ASV_418,unclassified_Parabasalia,Hypotrichomonas_sanderai,Tritrichomonas,Tritrichomonas,17,418,Y
207,ASV_1550,ASV_418,unclassified_Parabasalia,Hypotrichomonas_sanderai,Tritrichomonas,Tritrichomonas,17,418,Y
207,ASV_1584,ASV_418,unclassified_Parabasalia,Hypotrichomonas_sanderai,Tritrichomonas,Tritrichomonas,17,418,Y
207,ASV_1682,ASV_418,unclassified_Parabasalia,Hypotrichomonas_sanderai,Tritrichomonas,Tritrichomonas,17,418,Y
207,ASV_1754,ASV_418,unclassified_Parabasalia,Hypotrichomonas_sanderai,Tritrichomonas,Tritrichomonas,17,418,Y
207,ASV_1814,ASV_418,unclassified_Parabasalia,Hypotrichomonas_sanderai,Tritrichomonas,Tritrichomonas,17,418,Y
207,ASV_1888,ASV_418,unclassified_Parabasalia,Hypotrichomonas_sanderai,Tritrichomonas,Tritrichomonas,17,418,Y
207,ASV_2149,ASV_418,unclassified_Parabasalia,Hypotrichomonas_sanderai,Tritrichomonas,Tritrichomonas,17,418,Y
207,ASV_2274,ASV_418,unclassified_Parabasalia,Hypotrichomonas_sanderai,Tritrichomonas,Tritrichomonas,17,418,Y
207,ASV_2655,ASV_418,unclassified_Parabasalia,Hypotrichomonas_sanderai,Tritrichomonas,Tritrichomonas,17,418,Y
207,ASV_2958,ASV_418,unclassified_Parabasalia,Hypotrichomonas_sanderai,Tritrichomonas,Tritrichomonas,17,418,Y
207,ASV_418,ASV_418,unclassified_Parabasalia,Hypotrichomonas_sanderai,Tritrichomonas,Tritrichomonas,17,418,Y
207,ASV_4321,ASV_418,unclassified_Parabasalia,Hypotrichomonas_sanderai,Tritrichomonas,Tritrichomonas,17,418,Y
207,ASV_4364,ASV_418,unclassified_Parabasalia,Hypotrichomonas_sanderai,Tritrichomonas,Tritrichomonas,17,418,Y
207,ASV_4521,ASV_418,unclassified_Parabasalia,Hypotrichomonas_sanderai,Tritrichomonas,Tritrichomonas,17,418,Y
207,ASV_515,ASV_418,unclassified_Parabasalia,Hypotrichomonas_sanderai,Tritrichomonas,Tritrichomonas,17,418,Y
207,ASV_5343,ASV_418,unclassified_Parabasalia,Hypotrichomonas_sanderai,Tritrichomonas,Tritrichomonas,17,418,Y
207,ASV_5447,ASV_418,unclassified_Parabasalia,Hypotrichomonas_sanderai,Tritrichomonas,Tritrichomonas,17,418,Y
207,ASV_5509,ASV_418,unclassified_Parabasalia,Hypotrichomonas_sanderai,Tritrichomonas,Tritrichomonas,17,418,Y
207,ASV_5679,ASV_418,unclassified_Parabasalia,Hypotrichomonas_sanderai,Tritrichomonas,Tritrichomonas,17,418,Y
207,ASV_806,ASV_418,unclassified_Parabasalia,Hypotrichomonas_sanderai,Tritrichomonas,Tritrichomonas,17,418,Y
207,ASV_890,ASV_418,unclassified_Parabasalia,Hypotrichomonas_sanderai,Tritrichomonas,Tritrichomonas,17,418,Y
207,ASV_902,ASV_418,unclassified_Parabasalia,Hypotrichomonas_sanderai,Tritrichomonas,Tritrichomonas,17,418,Y
208,ASV_1402,ASV_197,Hypotrichomonas,Hypotrichomonas_mariae,NA,Hypotrichomonas,14,197,Y
208,ASV_197,ASV_197,Hypotrichomonas,Hypotrichomonas_mariae,NA,Hypotrichomonas,14,197,Y
208,ASV_2676,ASV_197,Hypotrichomonas,Hypotrichomonas_mariae,NA,Hypotrichomonas,14,197,Y
208,ASV_3074,ASV_197,Hypotrichomonas,Hypotrichomonas_mariae,NA,Hypotrichomonas,14,197,Y
208,ASV_3443,ASV_197,Hypotrichomonas,Hypotrichomonas_mariae,NA,Hypotrichomonas,14,197,Y
208,ASV_3732,ASV_197,Hypotrichomonas,Hypotrichomonas_mariae,NA,Hypotrichomonas,14,197,Y
208,ASV_3993,ASV_197,Hypotrichomonas,Hypotrichomonas_mariae,NA,Hypotrichomonas,14,197,Y
208,ASV_4642,ASV_197,Hypotrichomonas,Hypotrichomonas_mariae,NA,Hypotrichomonas,14,197,Y
208,ASV_4889,ASV_197,Hypotrichomonas,Hypotrichomonas_mariae,NA,Hypotrichomonas,14,197,Y
208,ASV_5636,ASV_197,Hypotrichomonas,Hypotrichomonas_mariae,NA,Hypotrichomonas,14,197,Y
208,ASV_886,ASV_197,Hypotrichomonas,Hypotrichomonas_mariae,NA,Hypotrichomonas,14,197,Y
209,ASV_105,ASV_105,Hypotrichomonas,Hypotrichomonas_mariae,NA,Hypotrichomonas,26,105,Y
209,ASV_1256,ASV_105,Hypotrichomonas,Hypotrichomonas_mariae,NA,Hypotrichomonas,26,105,Y
209,ASV_1313,ASV_105,Hypotrichomonas,Hypotrichomonas_mariae,NA,Hypotrichomonas,26,105,Y
209,ASV_1570,ASV_105,Hypotrichomonas,Hypotrichomonas_mariae,NA,Hypotrichomonas,26,105,Y
209,ASV_2850,ASV_105,Hypotrichomonas,Hypotrichomonas_mariae,NA,Hypotrichomonas,26,105,Y
209,ASV_9250,ASV_105,Hypotrichomonas,Hypotrichomonas_mariae,NA,Hypotrichomonas,26,105,Y
209,ASV_974,ASV_105,Hypotrichomonas,Hypotrichomonas_mariae,NA,Hypotrichomonas,26,105,Y
210,ASV_5113,ASV_5113,unclassified_Parabasalia,Pentatrichomonas_hominis,NA,Pentatrichomonas_hominis,1,5113,Y
210,ASV_7345,ASV_5113,unclassified_Parabasalia,Pentatrichomonas_hominis,NA,Pentatrichomonas_hominis,1,5113,Y
210,ASV_9121,ASV_5113,unclassified_Parabasalia,Pentatrichomonas_hominis,NA,Pentatrichomonas_hominis,1,5113,Y
211,ASV_1521,ASV_1521,unclassified_Parabasalia,Hypotrichomonas_sanderai,NA,Hypotrichomonas,4,1521,Y
211,ASV_2523,ASV_1521,unclassified_Parabasalia,Hypotrichomonas_sanderai,NA,Hypotrichomonas,4,1521,Y
211,ASV_2867,ASV_1521,unclassified_Parabasalia,Hypotrichomonas_sanderai,NA,Hypotrichomonas,4,1521,Y
211,ASV_3172,ASV_1521,unclassified_Parabasalia,Hypotrichomonas_sanderai,NA,Hypotrichomonas,4,1521,Y
211,ASV_3830,ASV_1521,unclassified_Parabasalia,Hypotrichomonas_sanderai,NA,Hypotrichomonas,4,1521,Y
211,ASV_5176,ASV_1521,unclassified_Parabasalia,Hypotrichomonas_sanderai,NA,Hypotrichomonas,4,1521,Y
211,ASV_6254,ASV_1521,unclassified_Parabasalia,Hypotrichomonas_sanderai,NA,Hypotrichomonas,4,1521,Y
211,ASV_7032,ASV_1521,unclassified_Parabasalia,Hypotrichomonas_sanderai,NA,Hypotrichomonas,4,1521,Y
211,ASV_7082,ASV_1521,unclassified_Parabasalia,Hypotrichomonas_sanderai,NA,Hypotrichomonas,4,1521,Y
211,ASV_7531,ASV_1521,unclassified_Parabasalia,Hypotrichomonas_sanderai,NA,Hypotrichomonas,4,1521,Y
211,ASV_7643,ASV_1521,unclassified_Parabasalia,Hypotrichomonas_sanderai,NA,Hypotrichomonas,4,1521,Y
212,ASV_1337,ASV_1337,unclassified_Parabasalia,Hypotrichomonas_sanderai,Hypotrichomonas,Hypotrichomonas,3,1337,Y
212,ASV_2169,ASV_1337,unclassified_Parabasalia,Hypotrichomonas_sanderai,Hypotrichomonas,Hypotrichomonas,3,1337,Y
212,ASV_2472,ASV_1337,unclassified_Parabasalia,Hypotrichomonas_sanderai,Hypotrichomonas,Hypotrichomonas,3,1337,Y
212,ASV_2918,ASV_1337,unclassified_Parabasalia,Hypotrichomonas_sanderai,Hypotrichomonas,Hypotrichomonas,3,1337,Y
212,ASV_2976,ASV_1337,unclassified_Parabasalia,Hypotrichomonas_sanderai,Hypotrichomonas,Hypotrichomonas,3,1337,Y
212,ASV_3282,ASV_1337,unclassified_Parabasalia,Hypotrichomonas_sanderai,Hypotrichomonas,Hypotrichomonas,3,1337,Y
212,ASV_4104,ASV_1337,unclassified_Parabasalia,Hypotrichomonas_sanderai,Hypotrichomonas,Hypotrichomonas,3,1337,Y
212,ASV_4512,ASV_1337,unclassified_Parabasalia,Hypotrichomonas_sanderai,Hypotrichomonas,Hypotrichomonas,3,1337,Y
212,ASV_5540,ASV_1337,unclassified_Parabasalia,Hypotrichomonas_sanderai,Hypotrichomonas,Hypotrichomonas,3,1337,Y
212,ASV_5632,ASV_1337,unclassified_Parabasalia,Hypotrichomonas_sanderai,Hypotrichomonas,Hypotrichomonas,3,1337,Y
214,ASV_2363,ASV_2363,unclassified_Parabasalia,Tritrichomonas,NA,Tritrichomonas,2,2363,Y
214,ASV_3657,ASV_2363,unclassified_Parabasalia,Tritrichomonas,NA,Tritrichomonas,2,2363,Y
214,ASV_4613,ASV_2363,unclassified_Parabasalia,Tritrichomonas,NA,Tritrichomonas,2,2363,Y
215,ASV_11800,ASV_11800,unclassified_Parabasalia,Hypotrichomonas_sanderai,NA,Hypotrichomonas,1,11800,Y
215,ASV_4670,ASV_11800,unclassified_Parabasalia,Hypotrichomonas_sanderai,NA,Hypotrichomonas,1,11800,Y
216,ASV_3025,ASV_525,Tritrichomonas,Tritrichomonas_muris,NA,Tritrichomonas,7,525,Y
216,ASV_3846,ASV_525,Tritrichomonas,Tritrichomonas_muris,NA,Tritrichomonas,7,525,Y
216,ASV_525,ASV_525,Tritrichomonas,Tritrichomonas_muris,NA,Tritrichomonas,7,525,Y
216,ASV_839,ASV_525,Tritrichomonas,Tritrichomonas_muris,NA,Tritrichomonas,7,525,Y
217,ASV_1155,ASV_16,Tritrichomonas,Tritrichomonas,0,Tritrichomonas,159,16,Y
217,ASV_150,ASV_16,Tritrichomonas,Tritrichomonas,0,Tritrichomonas,159,16,Y
217,ASV_16,ASV_16,Tritrichomonas,Tritrichomonas,0,Tritrichomonas,159,16,Y
217,ASV_1619,ASV_16,Tritrichomonas,Tritrichomonas,0,Tritrichomonas,159,16,Y
217,ASV_1678,ASV_16,Tritrichomonas,Tritrichomonas,0,Tritrichomonas,159,16,Y
217,ASV_1989,ASV_16,Tritrichomonas,Tritrichomonas,0,Tritrichomonas,159,16,Y
217,ASV_3060,ASV_16,Tritrichomonas,Tritrichomonas,0,Tritrichomonas,159,16,Y
217,ASV_3118,ASV_16,Tritrichomonas,Tritrichomonas,0,Tritrichomonas,159,16,Y
217,ASV_343,ASV_16,Tritrichomonas,Tritrichomonas,0,Tritrichomonas,159,16,Y
217,ASV_367,ASV_16,Tritrichomonas,Tritrichomonas,0,Tritrichomonas,159,16,Y
217,ASV_4361,ASV_16,Tritrichomonas,Tritrichomonas,0,Tritrichomonas,159,16,Y
217,ASV_455,ASV_16,Tritrichomonas,Tritrichomonas,0,Tritrichomonas,159,16,Y
217,ASV_5372,ASV_16,Tritrichomonas,Tritrichomonas,0,Tritrichomonas,159,16,Y
217,ASV_5413,ASV_16,Tritrichomonas,Tritrichomonas,0,Tritrichomonas,159,16,Y
217,ASV_6247,ASV_16,Tritrichomonas,Tritrichomonas,0,Tritrichomonas,159,16,Y
217,ASV_626,ASV_16,Tritrichomonas,Tritrichomonas,0,Tritrichomonas,159,16,Y
217,ASV_7141,ASV_16,Tritrichomonas,Tritrichomonas,0,Tritrichomonas,159,16,Y
217,ASV_871,ASV_16,Tritrichomonas,Tritrichomonas,0,Tritrichomonas,159,16,Y
217,ASV_9254,ASV_16,Tritrichomonas,Tritrichomonas,0,Tritrichomonas,159,16,Y
218,ASV_4547,ASV_4547,Tritrichomonas,Tritrichomonas_muris,NA,Tritrichomonas,1,4547,Y
220,ASV_1344,ASV_1344,Tetratrichomonas,Tetratrichomonas_gallinarum,NA,Tetratrichomonas,2,1344,Y
220,ASV_520,ASV_1344,Tetratrichomonas,Tetratrichomonas_gallinarum,NA,Tetratrichomonas,2,1344,Y
220,ASV_5373,ASV_1344,Tetratrichomonas,Tetratrichomonas_gallinarum,NA,Tetratrichomonas,2,1344,Y
220,ASV_5592,ASV_1344,Tetratrichomonas,Tetratrichomonas_gallinarum,NA,Tetratrichomonas,2,1344,Y
221,ASV_9680,ASV_9680,Simplicimonas,Simplicimonas_similis,NA,Simplicimonas_similis,1,9680,Y
222,ASV_10305,ASV_124,Tetratrichomonas,Tetratrichomonas,NA,Tetratrichomonas,24,124,Y
222,ASV_124,ASV_124,Tetratrichomonas,Tetratrichomonas,NA,Tetratrichomonas,24,124,Y
222,ASV_126,ASV_124,Tetratrichomonas,Tetratrichomonas,NA,Tetratrichomonas,24,124,Y
222,ASV_1364,ASV_124,Tetratrichomonas,Tetratrichomonas,NA,Tetratrichomonas,24,124,Y
222,ASV_1383,ASV_124,Tetratrichomonas,Tetratrichomonas,NA,Tetratrichomonas,24,124,Y
222,ASV_2132,ASV_124,Tetratrichomonas,Tetratrichomonas,NA,Tetratrichomonas,24,124,Y
222,ASV_220,ASV_124,Tetratrichomonas,Tetratrichomonas,NA,Tetratrichomonas,24,124,Y
222,ASV_2979,ASV_124,Tetratrichomonas,Tetratrichomonas,NA,Tetratrichomonas,24,124,Y
222,ASV_3051,ASV_124,Tetratrichomonas,Tetratrichomonas,NA,Tetratrichomonas,24,124,Y
222,ASV_3504,ASV_124,Tetratrichomonas,Tetratrichomonas,NA,Tetratrichomonas,24,124,Y
222,ASV_3622,ASV_124,Tetratrichomonas,Tetratrichomonas,NA,Tetratrichomonas,24,124,Y
222,ASV_4601,ASV_124,Tetratrichomonas,Tetratrichomonas,NA,Tetratrichomonas,24,124,Y
222,ASV_630,ASV_124,Tetratrichomonas,Tetratrichomonas,NA,Tetratrichomonas,24,124,Y
222,ASV_6616,ASV_124,Tetratrichomonas,Tetratrichomonas,NA,Tetratrichomonas,24,124,Y
222,ASV_6634,ASV_124,Tetratrichomonas,Tetratrichomonas,NA,Tetratrichomonas,24,124,Y
222,ASV_6903,ASV_124,Tetratrichomonas,Tetratrichomonas,NA,Tetratrichomonas,24,124,Y
223,ASV_1295,ASV_250,unclassified_Trichomonadea,Pentatrichomonas_hominis,Pentatrichomonas_hominis,Pentatrichomonas_hominis,6,250,Y
223,ASV_250,ASV_250,unclassified_Trichomonadea,Pentatrichomonas_hominis,Pentatrichomonas_hominis,Pentatrichomonas_hominis,6,250,Y
223,ASV_2631,ASV_250,unclassified_Trichomonadea,Pentatrichomonas_hominis,Pentatrichomonas_hominis,Pentatrichomonas_hominis,6,250,Y
223,ASV_411,ASV_250,unclassified_Trichomonadea,Pentatrichomonas_hominis,Pentatrichomonas_hominis,Pentatrichomonas_hominis,6,250,Y
223,ASV_774,ASV_250,unclassified_Trichomonadea,Pentatrichomonas_hominis,Pentatrichomonas_hominis,Pentatrichomonas_hominis,6,250,Y
224,ASV_1440,ASV_1440,unclassified_Parabasalia,Tritrichomonas,NA,Tritrichomonas,4,1440,Y
224,ASV_1578,ASV_1440,unclassified_Parabasalia,Tritrichomonas,NA,Tritrichomonas,4,1440,Y
224,ASV_2535,ASV_1440,unclassified_Parabasalia,Tritrichomonas,NA,Tritrichomonas,4,1440,Y
225,ASV_4672,ASV_4672,unclassified_Parabasalia,Hypotrichomonas,NA,Hypotrichomonas,1,4672,Y
225,ASV_6686,ASV_4672,unclassified_Parabasalia,Hypotrichomonas,NA,Hypotrichomonas,1,4672,Y
226,ASV_1145,ASV_51,Simplicimonas,Simplicimonas_similis,NA,Simplicimonas_similis,34,51,Y
226,ASV_1185,ASV_51,Simplicimonas,Simplicimonas_similis,NA,Simplicimonas_similis,34,51,Y
226,ASV_1261,ASV_51,Simplicimonas,Simplicimonas_similis,NA,Simplicimonas_similis,34,51,Y
226,ASV_1309,ASV_51,Simplicimonas,Simplicimonas_similis,NA,Simplicimonas_similis,34,51,Y
226,ASV_142,ASV_51,Simplicimonas,Simplicimonas_similis,NA,Simplicimonas_similis,34,51,Y
226,ASV_1425,ASV_51,Simplicimonas,Simplicimonas_similis,NA,Simplicimonas_similis,34,51,Y
226,ASV_1464,ASV_51,Simplicimonas,Simplicimonas_similis,NA,Simplicimonas_similis,34,51,Y
226,ASV_1541,ASV_51,Simplicimonas,Simplicimonas_similis,NA,Simplicimonas_similis,34,51,Y
226,ASV_1573,ASV_51,Simplicimonas,Simplicimonas_similis,NA,Simplicimonas_similis,34,51,Y
226,ASV_2004,ASV_51,Simplicimonas,Simplicimonas_similis,NA,Simplicimonas_similis,34,51,Y
226,ASV_2019,ASV_51,Simplicimonas,Simplicimonas_similis,NA,Simplicimonas_similis,34,51,Y
226,ASV_2026,ASV_51,Simplicimonas,Simplicimonas_similis,NA,Simplicimonas_similis,34,51,Y
226,ASV_2197,ASV_51,Simplicimonas,Simplicimonas_similis,NA,Simplicimonas_similis,34,51,Y
226,ASV_2541,ASV_51,Simplicimonas,Simplicimonas_similis,NA,Simplicimonas_similis,34,51,Y
226,ASV_2914,ASV_51,Simplicimonas,Simplicimonas_similis,NA,Simplicimonas_similis,34,51,Y
226,ASV_2966,ASV_51,Simplicimonas,Simplicimonas_similis,NA,Simplicimonas_similis,34,51,Y
226,ASV_3688,ASV_51,Simplicimonas,Simplicimonas_similis,NA,Simplicimonas_similis,34,51,Y
226,ASV_3880,ASV_51,Simplicimonas,Simplicimonas_similis,NA,Simplicimonas_similis,34,51,Y
226,ASV_457,ASV_51,Simplicimonas,Simplicimonas_similis,NA,Simplicimonas_similis,34,51,Y
226,ASV_4735,ASV_51,Simplicimonas,Simplicimonas_similis,NA,Simplicimonas_similis,34,51,Y
226,ASV_5023,ASV_51,Simplicimonas,Simplicimonas_similis,NA,Simplicimonas_similis,34,51,Y
226,ASV_51,ASV_51,Simplicimonas,Simplicimonas_similis,NA,Simplicimonas_similis,34,51,Y
226,ASV_557,ASV_51,Simplicimonas,Simplicimonas_similis,NA,Simplicimonas_similis,34,51,Y
226,ASV_693,ASV_51,Simplicimonas,Simplicimonas_similis,NA,Simplicimonas_similis,34,51,Y
226,ASV_8550,ASV_51,Simplicimonas,Simplicimonas_similis,NA,Simplicimonas_similis,34,51,Y
226,ASV_892,ASV_51,Simplicimonas,Simplicimonas_similis,NA,Simplicimonas_similis,34,51,Y
227,ASV_5133,ASV_5133,Simplicimonas,Simplicimonas,NA,Simplicimonas,1,5133,Y
227,ASV_7582,ASV_5133,Simplicimonas,Simplicimonas,NA,Simplicimonas,1,5133,Y
228,ASV_10,ASV_8,Tritrichomonas,Tritrichomonas_muris,NA,Tritrichomonas,180,8,Y
228,ASV_10359,ASV_8,Tritrichomonas,Tritrichomonas_muris,NA,Tritrichomonas,180,8,Y
228,ASV_1074,ASV_8,Tritrichomonas,Tritrichomonas_muris,NA,Tritrichomonas,180,8,Y
228,ASV_1111,ASV_8,Tritrichomonas,Tritrichomonas_muris,NA,Tritrichomonas,180,8,Y
228,ASV_1166,ASV_8,Tritrichomonas,Tritrichomonas_muris,NA,Tritrichomonas,180,8,Y
228,ASV_1190,ASV_8,Tritrichomonas,Tritrichomonas_muris,NA,Tritrichomonas,180,8,Y
228,ASV_13378,ASV_8,Tritrichomonas,Tritrichomonas_muris,NA,Tritrichomonas,180,8,Y
228,ASV_1362,ASV_8,Tritrichomonas,Tritrichomonas_muris,NA,Tritrichomonas,180,8,Y
228,ASV_1424,ASV_8,Tritrichomonas,Tritrichomonas_muris,NA,Tritrichomonas,180,8,Y
228,ASV_1427,ASV_8,Tritrichomonas,Tritrichomonas_muris,NA,Tritrichomonas,180,8,Y
228,ASV_1467,ASV_8,Tritrichomonas,Tritrichomonas_muris,NA,Tritrichomonas,180,8,Y
228,ASV_1470,ASV_8,Tritrichomonas,Tritrichomonas_muris,NA,Tritrichomonas,180,8,Y
228,ASV_1505,ASV_8,Tritrichomonas,Tritrichomonas_muris,NA,Tritrichomonas,180,8,Y
228,ASV_1546,ASV_8,Tritrichomonas,Tritrichomonas_muris,NA,Tritrichomonas,180,8,Y
228,ASV_1626,ASV_8,Tritrichomonas,Tritrichomonas_muris,NA,Tritrichomonas,180,8,Y
228,ASV_1708,ASV_8,Tritrichomonas,Tritrichomonas_muris,NA,Tritrichomonas,180,8,Y
228,ASV_1732,ASV_8,Tritrichomonas,Tritrichomonas_muris,NA,Tritrichomonas,180,8,Y
228,ASV_1897,ASV_8,Tritrichomonas,Tritrichomonas_muris,NA,Tritrichomonas,180,8,Y
228,ASV_1971,ASV_8,Tritrichomonas,Tritrichomonas_muris,NA,Tritrichomonas,180,8,Y
228,ASV_207,ASV_8,Tritrichomonas,Tritrichomonas_muris,NA,Tritrichomonas,180,8,Y
228,ASV_2110,ASV_8,Tritrichomonas,Tritrichomonas_muris,NA,Tritrichomonas,180,8,Y
228,ASV_2184,ASV_8,Tritrichomonas,Tritrichomonas_muris,NA,Tritrichomonas,180,8,Y
228,ASV_2281,ASV_8,Tritrichomonas,Tritrichomonas_muris,NA,Tritrichomonas,180,8,Y
228,ASV_2318,ASV_8,Tritrichomonas,Tritrichomonas_muris,NA,Tritrichomonas,180,8,Y
228,ASV_2356,ASV_8,Tritrichomonas,Tritrichomonas_muris,NA,Tritrichomonas,180,8,Y
228,ASV_242,ASV_8,Tritrichomonas,Tritrichomonas_muris,NA,Tritrichomonas,180,8,Y
228,ASV_2433,ASV_8,Tritrichomonas,Tritrichomonas_muris,NA,Tritrichomonas,180,8,Y
228,ASV_2572,ASV_8,Tritrichomonas,Tritrichomonas_muris,NA,Tritrichomonas,180,8,Y
228,ASV_259,ASV_8,Tritrichomonas,Tritrichomonas_muris,NA,Tritrichomonas,180,8,Y
228,ASV_2643,ASV_8,Tritrichomonas,Tritrichomonas_muris,NA,Tritrichomonas,180,8,Y
228,ASV_285,ASV_8,Tritrichomonas,Tritrichomonas_muris,NA,Tritrichomonas,180,8,Y
228,ASV_352,ASV_8,Tritrichomonas,Tritrichomonas_muris,NA,Tritrichomonas,180,8,Y
228,ASV_370,ASV_8,Tritrichomonas,Tritrichomonas_muris,NA,Tritrichomonas,180,8,Y
228,ASV_3791,ASV_8,Tritrichomonas,Tritrichomonas_muris,NA,Tritrichomonas,180,8,Y
228,ASV_3815,ASV_8,Tritrichomonas,Tritrichomonas_muris,NA,Tritrichomonas,180,8,Y
228,ASV_3996,ASV_8,Tritrichomonas,Tritrichomonas_muris,NA,Tritrichomonas,180,8,Y
228,ASV_4045,ASV_8,Tritrichomonas,Tritrichomonas_muris,NA,Tritrichomonas,180,8,Y
228,ASV_4047,ASV_8,Tritrichomonas,Tritrichomonas_muris,NA,Tritrichomonas,180,8,Y
228,ASV_4210,ASV_8,Tritrichomonas,Tritrichomonas_muris,NA,Tritrichomonas,180,8,Y
228,ASV_428,ASV_8,Tritrichomonas,Tritrichomonas_muris,NA,Tritrichomonas,180,8,Y
228,ASV_4284,ASV_8,Tritrichomonas,Tritrichomonas_muris,NA,Tritrichomonas,180,8,Y
228,ASV_4414,ASV_8,Tritrichomonas,Tritrichomonas_muris,NA,Tritrichomonas,180,8,Y
228,ASV_4756,ASV_8,Tritrichomonas,Tritrichomonas_muris,NA,Tritrichomonas,180,8,Y
228,ASV_4765,ASV_8,Tritrichomonas,Tritrichomonas_muris,NA,Tritrichomonas,180,8,Y
228,ASV_4794,ASV_8,Tritrichomonas,Tritrichomonas_muris,NA,Tritrichomonas,180,8,Y
228,ASV_4890,ASV_8,Tritrichomonas,Tritrichomonas_muris,NA,Tritrichomonas,180,8,Y
228,ASV_4923,ASV_8,Tritrichomonas,Tritrichomonas_muris,NA,Tritrichomonas,180,8,Y
228,ASV_5,ASV_8,Tritrichomonas,Tritrichomonas_muris,NA,Tritrichomonas,180,8,Y
228,ASV_501,ASV_8,Tritrichomonas,Tritrichomonas_muris,NA,Tritrichomonas,180,8,Y
228,ASV_5198,ASV_8,Tritrichomonas,Tritrichomonas_muris,NA,Tritrichomonas,180,8,Y
228,ASV_537,ASV_8,Tritrichomonas,Tritrichomonas_muris,NA,Tritrichomonas,180,8,Y
228,ASV_541,ASV_8,Tritrichomonas,Tritrichomonas_muris,NA,Tritrichomonas,180,8,Y
228,ASV_544,ASV_8,Tritrichomonas,Tritrichomonas_muris,NA,Tritrichomonas,180,8,Y
228,ASV_575,ASV_8,Tritrichomonas,Tritrichomonas_muris,NA,Tritrichomonas,180,8,Y
228,ASV_605,ASV_8,Tritrichomonas,Tritrichomonas_muris,NA,Tritrichomonas,180,8,Y
228,ASV_625,ASV_8,Tritrichomonas,Tritrichomonas_muris,NA,Tritrichomonas,180,8,Y
228,ASV_637,ASV_8,Tritrichomonas,Tritrichomonas_muris,NA,Tritrichomonas,180,8,Y
228,ASV_660,ASV_8,Tritrichomonas,Tritrichomonas_muris,NA,Tritrichomonas,180,8,Y
228,ASV_668,ASV_8,Tritrichomonas,Tritrichomonas_muris,NA,Tritrichomonas,180,8,Y
228,ASV_6773,ASV_8,Tritrichomonas,Tritrichomonas_muris,NA,Tritrichomonas,180,8,Y
228,ASV_69,ASV_8,Tritrichomonas,Tritrichomonas_muris,NA,Tritrichomonas,180,8,Y
228,ASV_6910,ASV_8,Tritrichomonas,Tritrichomonas_muris,NA,Tritrichomonas,180,8,Y
228,ASV_7000,ASV_8,Tritrichomonas,Tritrichomonas_muris,NA,Tritrichomonas,180,8,Y
228,ASV_72,ASV_8,Tritrichomonas,Tritrichomonas_muris,NA,Tritrichomonas,180,8,Y
228,ASV_724,ASV_8,Tritrichomonas,Tritrichomonas_muris,NA,Tritrichomonas,180,8,Y
228,ASV_726,ASV_8,Tritrichomonas,Tritrichomonas_muris,NA,Tritrichomonas,180,8,Y
228,ASV_737,ASV_8,Tritrichomonas,Tritrichomonas_muris,NA,Tritrichomonas,180,8,Y
228,ASV_748,ASV_8,Tritrichomonas,Tritrichomonas_muris,NA,Tritrichomonas,180,8,Y
228,ASV_7819,ASV_8,Tritrichomonas,Tritrichomonas_muris,NA,Tritrichomonas,180,8,Y
228,ASV_788,ASV_8,Tritrichomonas,Tritrichomonas_muris,NA,Tritrichomonas,180,8,Y
228,ASV_791,ASV_8,Tritrichomonas,Tritrichomonas_muris,NA,Tritrichomonas,180,8,Y
228,ASV_8,ASV_8,Tritrichomonas,Tritrichomonas_muris,NA,Tritrichomonas,180,8,Y
228,ASV_81,ASV_8,Tritrichomonas,Tritrichomonas_muris,NA,Tritrichomonas,180,8,Y
228,ASV_836,ASV_8,Tritrichomonas,Tritrichomonas_muris,NA,Tritrichomonas,180,8,Y
228,ASV_858,ASV_8,Tritrichomonas,Tritrichomonas_muris,NA,Tritrichomonas,180,8,Y
228,ASV_861,ASV_8,Tritrichomonas,Tritrichomonas_muris,NA,Tritrichomonas,180,8,Y
228,ASV_862,ASV_8,Tritrichomonas,Tritrichomonas_muris,NA,Tritrichomonas,180,8,Y
228,ASV_894,ASV_8,Tritrichomonas,Tritrichomonas_muris,NA,Tritrichomonas,180,8,Y
228,ASV_915,ASV_8,Tritrichomonas,Tritrichomonas_muris,NA,Tritrichomonas,180,8,Y
228,ASV_933,ASV_8,Tritrichomonas,Tritrichomonas_muris,NA,Tritrichomonas,180,8,Y
228,ASV_97,ASV_8,Tritrichomonas,Tritrichomonas_muris,NA,Tritrichomonas,180,8,Y
229,ASV_15782,ASV_15782,unclassified_Parabasalia,Tetratrichomonas_limacis,NA,Tetratrichomonas,1,15782,Y
230,ASV_1087,ASV_7,Tritrichomonas,Tritrichomonas_muris,0,Tritrichomonas,159,7,Y
230,ASV_1099,ASV_7,Tritrichomonas,Tritrichomonas_muris,0,Tritrichomonas,159,7,Y
230,ASV_1179,ASV_7,Tritrichomonas,Tritrichomonas_muris,0,Tritrichomonas,159,7,Y
230,ASV_1251,ASV_7,Tritrichomonas,Tritrichomonas_muris,0,Tritrichomonas,159,7,Y
230,ASV_1454,ASV_7,Tritrichomonas,Tritrichomonas_muris,0,Tritrichomonas,159,7,Y
230,ASV_2066,ASV_7,Tritrichomonas,Tritrichomonas_muris,0,Tritrichomonas,159,7,Y
230,ASV_21,ASV_7,Tritrichomonas,Tritrichomonas_muris,0,Tritrichomonas,159,7,Y
230,ASV_215,ASV_7,Tritrichomonas,Tritrichomonas_muris,0,Tritrichomonas,159,7,Y
230,ASV_219,ASV_7,Tritrichomonas,Tritrichomonas_muris,0,Tritrichomonas,159,7,Y
230,ASV_2585,ASV_7,Tritrichomonas,Tritrichomonas_muris,0,Tritrichomonas,159,7,Y
230,ASV_2616,ASV_7,Tritrichomonas,Tritrichomonas_muris,0,Tritrichomonas,159,7,Y
230,ASV_2722,ASV_7,Tritrichomonas,Tritrichomonas_muris,0,Tritrichomonas,159,7,Y
230,ASV_2752,ASV_7,Tritrichomonas,Tritrichomonas_muris,0,Tritrichomonas,159,7,Y
230,ASV_283,ASV_7,Tritrichomonas,Tritrichomonas_muris,0,Tritrichomonas,159,7,Y
230,ASV_3007,ASV_7,Tritrichomonas,Tritrichomonas_muris,0,Tritrichomonas,159,7,Y
230,ASV_305,ASV_7,Tritrichomonas,Tritrichomonas_muris,0,Tritrichomonas,159,7,Y
230,ASV_3285,ASV_7,Tritrichomonas,Tritrichomonas_muris,0,Tritrichomonas,159,7,Y
230,ASV_342,ASV_7,Tritrichomonas,Tritrichomonas_muris,0,Tritrichomonas,159,7,Y
230,ASV_3422,ASV_7,Tritrichomonas,Tritrichomonas_muris,0,Tritrichomonas,159,7,Y
230,ASV_346,ASV_7,Tritrichomonas,Tritrichomonas_muris,0,Tritrichomonas,159,7,Y
230,ASV_376,ASV_7,Tritrichomonas,Tritrichomonas_muris,0,Tritrichomonas,159,7,Y
230,ASV_399,ASV_7,Tritrichomonas,Tritrichomonas_muris,0,Tritrichomonas,159,7,Y
230,ASV_40,ASV_7,Tritrichomonas,Tritrichomonas_muris,0,Tritrichomonas,159,7,Y
230,ASV_4117,ASV_7,Tritrichomonas,Tritrichomonas_muris,0,Tritrichomonas,159,7,Y
230,ASV_4901,ASV_7,Tritrichomonas,Tritrichomonas_muris,0,Tritrichomonas,159,7,Y
230,ASV_510,ASV_7,Tritrichomonas,Tritrichomonas_muris,0,Tritrichomonas,159,7,Y
230,ASV_5694,ASV_7,Tritrichomonas,Tritrichomonas_muris,0,Tritrichomonas,159,7,Y
230,ASV_618,ASV_7,Tritrichomonas,Tritrichomonas_muris,0,Tritrichomonas,159,7,Y
230,ASV_6381,ASV_7,Tritrichomonas,Tritrichomonas_muris,0,Tritrichomonas,159,7,Y
230,ASV_6797,ASV_7,Tritrichomonas,Tritrichomonas_muris,0,Tritrichomonas,159,7,Y
230,ASV_7,ASV_7,Tritrichomonas,Tritrichomonas_muris,0,Tritrichomonas,159,7,Y
230,ASV_703,ASV_7,Tritrichomonas,Tritrichomonas_muris,0,Tritrichomonas,159,7,Y
230,ASV_730,ASV_7,Tritrichomonas,Tritrichomonas_muris,0,Tritrichomonas,159,7,Y
230,ASV_731,ASV_7,Tritrichomonas,Tritrichomonas_muris,0,Tritrichomonas,159,7,Y
230,ASV_78,ASV_7,Tritrichomonas,Tritrichomonas_muris,0,Tritrichomonas,159,7,Y
230,ASV_793,ASV_7,Tritrichomonas,Tritrichomonas_muris,0,Tritrichomonas,159,7,Y
230,ASV_808,ASV_7,Tritrichomonas,Tritrichomonas_muris,0,Tritrichomonas,159,7,Y
230,ASV_918,ASV_7,Tritrichomonas,Tritrichomonas_muris,0,Tritrichomonas,159,7,Y
230,ASV_938,ASV_7,Tritrichomonas,Tritrichomonas_muris,0,Tritrichomonas,159,7,Y
230,ASV_96,ASV_7,Tritrichomonas,Tritrichomonas_muris,0,Tritrichomonas,159,7,Y
230,ASV_962,ASV_7,Tritrichomonas,Tritrichomonas_muris,0,Tritrichomonas,159,7,Y
231,ASV_1056,ASV_29,Tritrichomonas,Tritrichomonas,NA,Tritrichomonas,148,29,Y
231,ASV_1058,ASV_29,Tritrichomonas,Tritrichomonas,NA,Tritrichomonas,148,29,Y
231,ASV_1105,ASV_29,Tritrichomonas,Tritrichomonas,NA,Tritrichomonas,148,29,Y
231,ASV_1148,ASV_29,Tritrichomonas,Tritrichomonas,NA,Tritrichomonas,148,29,Y
231,ASV_1183,ASV_29,Tritrichomonas,Tritrichomonas,NA,Tritrichomonas,148,29,Y
231,ASV_125,ASV_29,Tritrichomonas,Tritrichomonas,NA,Tritrichomonas,148,29,Y
231,ASV_1400,ASV_29,Tritrichomonas,Tritrichomonas,NA,Tritrichomonas,148,29,Y
231,ASV_1514,ASV_29,Tritrichomonas,Tritrichomonas,NA,Tritrichomonas,148,29,Y
231,ASV_193,ASV_29,Tritrichomonas,Tritrichomonas,NA,Tritrichomonas,148,29,Y
231,ASV_2226,ASV_29,Tritrichomonas,Tritrichomonas,NA,Tritrichomonas,148,29,Y
231,ASV_2259,ASV_29,Tritrichomonas,Tritrichomonas,NA,Tritrichomonas,148,29,Y
231,ASV_2557,ASV_29,Tritrichomonas,Tritrichomonas,NA,Tritrichomonas,148,29,Y
231,ASV_26,ASV_29,Tritrichomonas,Tritrichomonas,NA,Tritrichomonas,148,29,Y
231,ASV_271,ASV_29,Tritrichomonas,Tritrichomonas,NA,Tritrichomonas,148,29,Y
231,ASV_29,ASV_29,Tritrichomonas,Tritrichomonas,NA,Tritrichomonas,148,29,Y
231,ASV_311,ASV_29,Tritrichomonas,Tritrichomonas,NA,Tritrichomonas,148,29,Y
231,ASV_3847,ASV_29,Tritrichomonas,Tritrichomonas,NA,Tritrichomonas,148,29,Y
231,ASV_468,ASV_29,Tritrichomonas,Tritrichomonas,NA,Tritrichomonas,148,29,Y
231,ASV_52,ASV_29,Tritrichomonas,Tritrichomonas,NA,Tritrichomonas,148,29,Y
231,ASV_601,ASV_29,Tritrichomonas,Tritrichomonas,NA,Tritrichomonas,148,29,Y
231,ASV_6012,ASV_29,Tritrichomonas,Tritrichomonas,NA,Tritrichomonas,148,29,Y
231,ASV_607,ASV_29,Tritrichomonas,Tritrichomonas,NA,Tritrichomonas,148,29,Y
231,ASV_683,ASV_29,Tritrichomonas,Tritrichomonas,NA,Tritrichomonas,148,29,Y
231,ASV_702,ASV_29,Tritrichomonas,Tritrichomonas,NA,Tritrichomonas,148,29,Y
231,ASV_755,ASV_29,Tritrichomonas,Tritrichomonas,NA,Tritrichomonas,148,29,Y
231,ASV_847,ASV_29,Tritrichomonas,Tritrichomonas,NA,Tritrichomonas,148,29,Y
232,ASV_1038,ASV_191,Tritrichomonas,Tritrichomonas,NA,Tritrichomonas,24,191,Y
232,ASV_1119,ASV_191,Tritrichomonas,Tritrichomonas,NA,Tritrichomonas,24,191,Y
232,ASV_11845,ASV_191,Tritrichomonas,Tritrichomonas,NA,Tritrichomonas,24,191,Y
232,ASV_1260,ASV_191,Tritrichomonas,Tritrichomonas,NA,Tritrichomonas,24,191,Y
232,ASV_12985,ASV_191,Tritrichomonas,Tritrichomonas,NA,Tritrichomonas,24,191,Y
232,ASV_1310,ASV_191,Tritrichomonas,Tritrichomonas,NA,Tritrichomonas,24,191,Y
232,ASV_1374,ASV_191,Tritrichomonas,Tritrichomonas,NA,Tritrichomonas,24,191,Y
232,ASV_1396,ASV_191,Tritrichomonas,Tritrichomonas,NA,Tritrichomonas,24,191,Y
232,ASV_1419,ASV_191,Tritrichomonas,Tritrichomonas,NA,Tritrichomonas,24,191,Y
232,ASV_1421,ASV_191,Tritrichomonas,Tritrichomonas,NA,Tritrichomonas,24,191,Y
232,ASV_1479,ASV_191,Tritrichomonas,Tritrichomonas,NA,Tritrichomonas,24,191,Y
232,ASV_1487,ASV_191,Tritrichomonas,Tritrichomonas,NA,Tritrichomonas,24,191,Y
232,ASV_1491,ASV_191,Tritrichomonas,Tritrichomonas,NA,Tritrichomonas,24,191,Y
232,ASV_1497,ASV_191,Tritrichomonas,Tritrichomonas,NA,Tritrichomonas,24,191,Y
232,ASV_1590,ASV_191,Tritrichomonas,Tritrichomonas,NA,Tritrichomonas,24,191,Y
232,ASV_1674,ASV_191,Tritrichomonas,Tritrichomonas,NA,Tritrichomonas,24,191,Y
232,ASV_1707,ASV_191,Tritrichomonas,Tritrichomonas,NA,Tritrichomonas,24,191,Y
232,ASV_1808,ASV_191,Tritrichomonas,Tritrichomonas,NA,Tritrichomonas,24,191,Y
232,ASV_1864,ASV_191,Tritrichomonas,Tritrichomonas,NA,Tritrichomonas,24,191,Y
232,ASV_1902,ASV_191,Tritrichomonas,Tritrichomonas,NA,Tritrichomonas,24,191,Y
232,ASV_191,ASV_191,Tritrichomonas,Tritrichomonas,NA,Tritrichomonas,24,191,Y
232,ASV_1924,ASV_191,Tritrichomonas,Tritrichomonas,NA,Tritrichomonas,24,191,Y
232,ASV_1963,ASV_191,Tritrichomonas,Tritrichomonas,NA,Tritrichomonas,24,191,Y
232,ASV_1974,ASV_191,Tritrichomonas,Tritrichomonas,NA,Tritrichomonas,24,191,Y
232,ASV_1975,ASV_191,Tritrichomonas,Tritrichomonas,NA,Tritrichomonas,24,191,Y
232,ASV_1980,ASV_191,Tritrichomonas,Tritrichomonas,NA,Tritrichomonas,24,191,Y
232,ASV_2080,ASV_191,Tritrichomonas,Tritrichomonas,NA,Tritrichomonas,24,191,Y
232,ASV_2098,ASV_191,Tritrichomonas,Tritrichomonas,NA,Tritrichomonas,24,191,Y
232,ASV_2099,ASV_191,Tritrichomonas,Tritrichomonas,NA,Tritrichomonas,24,191,Y
232,ASV_2117,ASV_191,Tritrichomonas,Tritrichomonas,NA,Tritrichomonas,24,191,Y
232,ASV_2162,ASV_191,Tritrichomonas,Tritrichomonas,NA,Tritrichomonas,24,191,Y
232,ASV_2199,ASV_191,Tritrichomonas,Tritrichomonas,NA,Tritrichomonas,24,191,Y
232,ASV_2221,ASV_191,Tritrichomonas,Tritrichomonas,NA,Tritrichomonas,24,191,Y
232,ASV_2266,ASV_191,Tritrichomonas,Tritrichomonas,NA,Tritrichomonas,24,191,Y
232,ASV_2286,ASV_191,Tritrichomonas,Tritrichomonas,NA,Tritrichomonas,24,191,Y
232,ASV_2342,ASV_191,Tritrichomonas,Tritrichomonas,NA,Tritrichomonas,24,191,Y
232,ASV_2350,ASV_191,Tritrichomonas,Tritrichomonas,NA,Tritrichomonas,24,191,Y
232,ASV_2352,ASV_191,Tritrichomonas,Tritrichomonas,NA,Tritrichomonas,24,191,Y
232,ASV_2358,ASV_191,Tritrichomonas,Tritrichomonas,NA,Tritrichomonas,24,191,Y
232,ASV_2364,ASV_191,Tritrichomonas,Tritrichomonas,NA,Tritrichomonas,24,191,Y
232,ASV_2367,ASV_191,Tritrichomonas,Tritrichomonas,NA,Tritrichomonas,24,191,Y
232,ASV_2438,ASV_191,Tritrichomonas,Tritrichomonas,NA,Tritrichomonas,24,191,Y
232,ASV_2501,ASV_191,Tritrichomonas,Tritrichomonas,NA,Tritrichomonas,24,191,Y
232,ASV_2548,ASV_191,Tritrichomonas,Tritrichomonas,NA,Tritrichomonas,24,191,Y
232,ASV_2594,ASV_191,Tritrichomonas,Tritrichomonas,NA,Tritrichomonas,24,191,Y
232,ASV_2604,ASV_191,Tritrichomonas,Tritrichomonas,NA,Tritrichomonas,24,191,Y
232,ASV_2606,ASV_191,Tritrichomonas,Tritrichomonas,NA,Tritrichomonas,24,191,Y
232,ASV_2614,ASV_191,Tritrichomonas,Tritrichomonas,NA,Tritrichomonas,24,191,Y
232,ASV_2621,ASV_191,Tritrichomonas,Tritrichomonas,NA,Tritrichomonas,24,191,Y
232,ASV_2777,ASV_191,Tritrichomonas,Tritrichomonas,NA,Tritrichomonas,24,191,Y
232,ASV_2836,ASV_191,Tritrichomonas,Tritrichomonas,NA,Tritrichomonas,24,191,Y
232,ASV_2844,ASV_191,Tritrichomonas,Tritrichomonas,NA,Tritrichomonas,24,191,Y
232,ASV_2913,ASV_191,Tritrichomonas,Tritrichomonas,NA,Tritrichomonas,24,191,Y
232,ASV_294,ASV_191,Tritrichomonas,Tritrichomonas,NA,Tritrichomonas,24,191,Y
232,ASV_3015,ASV_191,Tritrichomonas,Tritrichomonas,NA,Tritrichomonas,24,191,Y
232,ASV_3082,ASV_191,Tritrichomonas,Tritrichomonas,NA,Tritrichomonas,24,191,Y
232,ASV_3110,ASV_191,Tritrichomonas,Tritrichomonas,NA,Tritrichomonas,24,191,Y
232,ASV_3217,ASV_191,Tritrichomonas,Tritrichomonas,NA,Tritrichomonas,24,191,Y
232,ASV_3231,ASV_191,Tritrichomonas,Tritrichomonas,NA,Tritrichomonas,24,191,Y
232,ASV_3435,ASV_191,Tritrichomonas,Tritrichomonas,NA,Tritrichomonas,24,191,Y
232,ASV_3490,ASV_191,Tritrichomonas,Tritrichomonas,NA,Tritrichomonas,24,191,Y
232,ASV_3500,ASV_191,Tritrichomonas,Tritrichomonas,NA,Tritrichomonas,24,191,Y
232,ASV_3563,ASV_191,Tritrichomonas,Tritrichomonas,NA,Tritrichomonas,24,191,Y
232,ASV_3571,ASV_191,Tritrichomonas,Tritrichomonas,NA,Tritrichomonas,24,191,Y
232,ASV_3598,ASV_191,Tritrichomonas,Tritrichomonas,NA,Tritrichomonas,24,191,Y
232,ASV_3603,ASV_191,Tritrichomonas,Tritrichomonas,NA,Tritrichomonas,24,191,Y
232,ASV_3630,ASV_191,Tritrichomonas,Tritrichomonas,NA,Tritrichomonas,24,191,Y
232,ASV_3658,ASV_191,Tritrichomonas,Tritrichomonas,NA,Tritrichomonas,24,191,Y
232,ASV_3677,ASV_191,Tritrichomonas,Tritrichomonas,NA,Tritrichomonas,24,191,Y
232,ASV_3739,ASV_191,Tritrichomonas,Tritrichomonas,NA,Tritrichomonas,24,191,Y
232,ASV_3779,ASV_191,Tritrichomonas,Tritrichomonas,NA,Tritrichomonas,24,191,Y
232,ASV_3843,ASV_191,Tritrichomonas,Tritrichomonas,NA,Tritrichomonas,24,191,Y
232,ASV_3853,ASV_191,Tritrichomonas,Tritrichomonas,NA,Tritrichomonas,24,191,Y
232,ASV_3889,ASV_191,Tritrichomonas,Tritrichomonas,NA,Tritrichomonas,24,191,Y
232,ASV_3945,ASV_191,Tritrichomonas,Tritrichomonas,NA,Tritrichomonas,24,191,Y
232,ASV_3964,ASV_191,Tritrichomonas,Tritrichomonas,NA,Tritrichomonas,24,191,Y
232,ASV_4057,ASV_191,Tritrichomonas,Tritrichomonas,NA,Tritrichomonas,24,191,Y
232,ASV_4158,ASV_191,Tritrichomonas,Tritrichomonas,NA,Tritrichomonas,24,191,Y
232,ASV_4166,ASV_191,Tritrichomonas,Tritrichomonas,NA,Tritrichomonas,24,191,Y
232,ASV_4259,ASV_191,Tritrichomonas,Tritrichomonas,NA,Tritrichomonas,24,191,Y
232,ASV_4298,ASV_191,Tritrichomonas,Tritrichomonas,NA,Tritrichomonas,24,191,Y
232,ASV_4328,ASV_191,Tritrichomonas,Tritrichomonas,NA,Tritrichomonas,24,191,Y
232,ASV_4435,ASV_191,Tritrichomonas,Tritrichomonas,NA,Tritrichomonas,24,191,Y
232,ASV_4603,ASV_191,Tritrichomonas,Tritrichomonas,NA,Tritrichomonas,24,191,Y
232,ASV_4638,ASV_191,Tritrichomonas,Tritrichomonas,NA,Tritrichomonas,24,191,Y
232,ASV_4643,ASV_191,Tritrichomonas,Tritrichomonas,NA,Tritrichomonas,24,191,Y
232,ASV_473,ASV_191,Tritrichomonas,Tritrichomonas,NA,Tritrichomonas,24,191,Y
232,ASV_4737,ASV_191,Tritrichomonas,Tritrichomonas,NA,Tritrichomonas,24,191,Y
232,ASV_4950,ASV_191,Tritrichomonas,Tritrichomonas,NA,Tritrichomonas,24,191,Y
232,ASV_5021,ASV_191,Tritrichomonas,Tritrichomonas,NA,Tritrichomonas,24,191,Y
232,ASV_5157,ASV_191,Tritrichomonas,Tritrichomonas,NA,Tritrichomonas,24,191,Y
232,ASV_5250,ASV_191,Tritrichomonas,Tritrichomonas,NA,Tritrichomonas,24,191,Y
232,ASV_531,ASV_191,Tritrichomonas,Tritrichomonas,NA,Tritrichomonas,24,191,Y
232,ASV_5329,ASV_191,Tritrichomonas,Tritrichomonas,NA,Tritrichomonas,24,191,Y
232,ASV_5397,ASV_191,Tritrichomonas,Tritrichomonas,NA,Tritrichomonas,24,191,Y
232,ASV_5563,ASV_191,Tritrichomonas,Tritrichomonas,NA,Tritrichomonas,24,191,Y
232,ASV_5624,ASV_191,Tritrichomonas,Tritrichomonas,NA,Tritrichomonas,24,191,Y
232,ASV_5801,ASV_191,Tritrichomonas,Tritrichomonas,NA,Tritrichomonas,24,191,Y
232,ASV_5869,ASV_191,Tritrichomonas,Tritrichomonas,NA,Tritrichomonas,24,191,Y
232,ASV_5932,ASV_191,Tritrichomonas,Tritrichomonas,NA,Tritrichomonas,24,191,Y
232,ASV_6204,ASV_191,Tritrichomonas,Tritrichomonas,NA,Tritrichomonas,24,191,Y
232,ASV_636,ASV_191,Tritrichomonas,Tritrichomonas,NA,Tritrichomonas,24,191,Y
232,ASV_6380,ASV_191,Tritrichomonas,Tritrichomonas,NA,Tritrichomonas,24,191,Y
232,ASV_6500,ASV_191,Tritrichomonas,Tritrichomonas,NA,Tritrichomonas,24,191,Y
232,ASV_674,ASV_191,Tritrichomonas,Tritrichomonas,NA,Tritrichomonas,24,191,Y
232,ASV_6886,ASV_191,Tritrichomonas,Tritrichomonas,NA,Tritrichomonas,24,191,Y
232,ASV_7253,ASV_191,Tritrichomonas,Tritrichomonas,NA,Tritrichomonas,24,191,Y
232,ASV_7270,ASV_191,Tritrichomonas,Tritrichomonas,NA,Tritrichomonas,24,191,Y
232,ASV_7273,ASV_191,Tritrichomonas,Tritrichomonas,NA,Tritrichomonas,24,191,Y
232,ASV_7424,ASV_191,Tritrichomonas,Tritrichomonas,NA,Tritrichomonas,24,191,Y
232,ASV_771,ASV_191,Tritrichomonas,Tritrichomonas,NA,Tritrichomonas,24,191,Y
232,ASV_921,ASV_191,Tritrichomonas,Tritrichomonas,NA,Tritrichomonas,24,191,Y
232,ASV_9372,ASV_191,Tritrichomonas,Tritrichomonas,NA,Tritrichomonas,24,191,Y
232,ASV_969,ASV_191,Tritrichomonas,Tritrichomonas,NA,Tritrichomonas,24,191,Y
232,ASV_971,ASV_191,Tritrichomonas,Tritrichomonas,NA,Tritrichomonas,24,191,Y
232,ASV_977,ASV_191,Tritrichomonas,Tritrichomonas,NA,Tritrichomonas,24,191,Y
232,ASV_9796,ASV_191,Tritrichomonas,Tritrichomonas,NA,Tritrichomonas,24,191,Y
232,ASV_995,ASV_191,Tritrichomonas,Tritrichomonas,NA,Tritrichomonas,24,191,Y
233,ASV_1027,ASV_118,Tritrichomonas,Tritrichomonas_muris,NA,Tritrichomonas,29,118,Y
233,ASV_10592,ASV_118,Tritrichomonas,Tritrichomonas_muris,NA,Tritrichomonas,29,118,Y
233,ASV_1068,ASV_118,Tritrichomonas,Tritrichomonas_muris,NA,Tritrichomonas,29,118,Y
233,ASV_1069,ASV_118,Tritrichomonas,Tritrichomonas_muris,NA,Tritrichomonas,29,118,Y
233,ASV_1098,ASV_118,Tritrichomonas,Tritrichomonas_muris,NA,Tritrichomonas,29,118,Y
233,ASV_11268,ASV_118,Tritrichomonas,Tritrichomonas_muris,NA,Tritrichomonas,29,118,Y
233,ASV_11368,ASV_118,Tritrichomonas,Tritrichomonas_muris,NA,Tritrichomonas,29,118,Y
233,ASV_1142,ASV_118,Tritrichomonas,Tritrichomonas_muris,NA,Tritrichomonas,29,118,Y
233,ASV_1165,ASV_118,Tritrichomonas,Tritrichomonas_muris,NA,Tritrichomonas,29,118,Y
233,ASV_118,ASV_118,Tritrichomonas,Tritrichomonas_muris,NA,Tritrichomonas,29,118,Y
233,ASV_1187,ASV_118,Tritrichomonas,Tritrichomonas_muris,NA,Tritrichomonas,29,118,Y
233,ASV_12548,ASV_118,Tritrichomonas,Tritrichomonas_muris,NA,Tritrichomonas,29,118,Y
233,ASV_1294,ASV_118,Tritrichomonas,Tritrichomonas_muris,NA,Tritrichomonas,29,118,Y
233,ASV_1359,ASV_118,Tritrichomonas,Tritrichomonas_muris,NA,Tritrichomonas,29,118,Y
233,ASV_1468,ASV_118,Tritrichomonas,Tritrichomonas_muris,NA,Tritrichomonas,29,118,Y
233,ASV_1594,ASV_118,Tritrichomonas,Tritrichomonas_muris,NA,Tritrichomonas,29,118,Y
233,ASV_1616,ASV_118,Tritrichomonas,Tritrichomonas_muris,NA,Tritrichomonas,29,118,Y
233,ASV_1693,ASV_118,Tritrichomonas,Tritrichomonas_muris,NA,Tritrichomonas,29,118,Y
233,ASV_1711,ASV_118,Tritrichomonas,Tritrichomonas_muris,NA,Tritrichomonas,29,118,Y
233,ASV_1764,ASV_118,Tritrichomonas,Tritrichomonas_muris,NA,Tritrichomonas,29,118,Y
233,ASV_1831,ASV_118,Tritrichomonas,Tritrichomonas_muris,NA,Tritrichomonas,29,118,Y
233,ASV_1891,ASV_118,Tritrichomonas,Tritrichomonas_muris,NA,Tritrichomonas,29,118,Y
233,ASV_1993,ASV_118,Tritrichomonas,Tritrichomonas_muris,NA,Tritrichomonas,29,118,Y
233,ASV_2093,ASV_118,Tritrichomonas,Tritrichomonas_muris,NA,Tritrichomonas,29,118,Y
233,ASV_2240,ASV_118,Tritrichomonas,Tritrichomonas_muris,NA,Tritrichomonas,29,118,Y
233,ASV_2278,ASV_118,Tritrichomonas,Tritrichomonas_muris,NA,Tritrichomonas,29,118,Y
233,ASV_2316,ASV_118,Tritrichomonas,Tritrichomonas_muris,NA,Tritrichomonas,29,118,Y
233,ASV_2354,ASV_118,Tritrichomonas,Tritrichomonas_muris,NA,Tritrichomonas,29,118,Y
233,ASV_2406,ASV_118,Tritrichomonas,Tritrichomonas_muris,NA,Tritrichomonas,29,118,Y
233,ASV_243,ASV_118,Tritrichomonas,Tritrichomonas_muris,NA,Tritrichomonas,29,118,Y
233,ASV_2463,ASV_118,Tritrichomonas,Tritrichomonas_muris,NA,Tritrichomonas,29,118,Y
233,ASV_2537,ASV_118,Tritrichomonas,Tritrichomonas_muris,NA,Tritrichomonas,29,118,Y
233,ASV_2576,ASV_118,Tritrichomonas,Tritrichomonas_muris,NA,Tritrichomonas,29,118,Y
233,ASV_2673,ASV_118,Tritrichomonas,Tritrichomonas_muris,NA,Tritrichomonas,29,118,Y
233,ASV_2938,ASV_118,Tritrichomonas,Tritrichomonas_muris,NA,Tritrichomonas,29,118,Y
233,ASV_3233,ASV_118,Tritrichomonas,Tritrichomonas_muris,NA,Tritrichomonas,29,118,Y
233,ASV_3773,ASV_118,Tritrichomonas,Tritrichomonas_muris,NA,Tritrichomonas,29,118,Y
233,ASV_3938,ASV_118,Tritrichomonas,Tritrichomonas_muris,NA,Tritrichomonas,29,118,Y
233,ASV_3940,ASV_118,Tritrichomonas,Tritrichomonas_muris,NA,Tritrichomonas,29,118,Y
233,ASV_4159,ASV_118,Tritrichomonas,Tritrichomonas_muris,NA,Tritrichomonas,29,118,Y
233,ASV_4234,ASV_118,Tritrichomonas,Tritrichomonas_muris,NA,Tritrichomonas,29,118,Y
233,ASV_4650,ASV_118,Tritrichomonas,Tritrichomonas_muris,NA,Tritrichomonas,29,118,Y
233,ASV_4696,ASV_118,Tritrichomonas,Tritrichomonas_muris,NA,Tritrichomonas,29,118,Y
233,ASV_5418,ASV_118,Tritrichomonas,Tritrichomonas_muris,NA,Tritrichomonas,29,118,Y
233,ASV_5486,ASV_118,Tritrichomonas,Tritrichomonas_muris,NA,Tritrichomonas,29,118,Y
233,ASV_5575,ASV_118,Tritrichomonas,Tritrichomonas_muris,NA,Tritrichomonas,29,118,Y
233,ASV_5626,ASV_118,Tritrichomonas,Tritrichomonas_muris,NA,Tritrichomonas,29,118,Y
233,ASV_589,ASV_118,Tritrichomonas,Tritrichomonas_muris,NA,Tritrichomonas,29,118,Y
233,ASV_6073,ASV_118,Tritrichomonas,Tritrichomonas_muris,NA,Tritrichomonas,29,118,Y
233,ASV_6142,ASV_118,Tritrichomonas,Tritrichomonas_muris,NA,Tritrichomonas,29,118,Y
233,ASV_6486,ASV_118,Tritrichomonas,Tritrichomonas_muris,NA,Tritrichomonas,29,118,Y
233,ASV_6523,ASV_118,Tritrichomonas,Tritrichomonas_muris,NA,Tritrichomonas,29,118,Y
233,ASV_6796,ASV_118,Tritrichomonas,Tritrichomonas_muris,NA,Tritrichomonas,29,118,Y
233,ASV_691,ASV_118,Tritrichomonas,Tritrichomonas_muris,NA,Tritrichomonas,29,118,Y
233,ASV_6937,ASV_118,Tritrichomonas,Tritrichomonas_muris,NA,Tritrichomonas,29,118,Y
233,ASV_7360,ASV_118,Tritrichomonas,Tritrichomonas_muris,NA,Tritrichomonas,29,118,Y
233,ASV_7445,ASV_118,Tritrichomonas,Tritrichomonas_muris,NA,Tritrichomonas,29,118,Y
233,ASV_7446,ASV_118,Tritrichomonas,Tritrichomonas_muris,NA,Tritrichomonas,29,118,Y
233,ASV_8245,ASV_118,Tritrichomonas,Tritrichomonas_muris,NA,Tritrichomonas,29,118,Y
233,ASV_8276,ASV_118,Tritrichomonas,Tritrichomonas_muris,NA,Tritrichomonas,29,118,Y
233,ASV_8288,ASV_118,Tritrichomonas,Tritrichomonas_muris,NA,Tritrichomonas,29,118,Y
233,ASV_856,ASV_118,Tritrichomonas,Tritrichomonas_muris,NA,Tritrichomonas,29,118,Y
233,ASV_860,ASV_118,Tritrichomonas,Tritrichomonas_muris,NA,Tritrichomonas,29,118,Y
233,ASV_895,ASV_118,Tritrichomonas,Tritrichomonas_muris,NA,Tritrichomonas,29,118,Y
233,ASV_9207,ASV_118,Tritrichomonas,Tritrichomonas_muris,NA,Tritrichomonas,29,118,Y
233,ASV_9762,ASV_118,Tritrichomonas,Tritrichomonas_muris,NA,Tritrichomonas,29,118,Y
234,ASV_102,ASV_12,Tritrichomonas,Tritrichomonas_sp._MEG-2016a,NA,Tritrichomonas,81,12,Y
234,ASV_1078,ASV_12,Tritrichomonas,Tritrichomonas_sp._MEG-2016a,NA,Tritrichomonas,81,12,Y
234,ASV_12,ASV_12,Tritrichomonas,Tritrichomonas_sp._MEG-2016a,NA,Tritrichomonas,81,12,Y
234,ASV_1526,ASV_12,Tritrichomonas,Tritrichomonas_sp._MEG-2016a,NA,Tritrichomonas,81,12,Y
234,ASV_1595,ASV_12,Tritrichomonas,Tritrichomonas_sp._MEG-2016a,NA,Tritrichomonas,81,12,Y
234,ASV_161,ASV_12,Tritrichomonas,Tritrichomonas_sp._MEG-2016a,NA,Tritrichomonas,81,12,Y
234,ASV_1684,ASV_12,Tritrichomonas,Tritrichomonas_sp._MEG-2016a,NA,Tritrichomonas,81,12,Y
234,ASV_1799,ASV_12,Tritrichomonas,Tritrichomonas_sp._MEG-2016a,NA,Tritrichomonas,81,12,Y
234,ASV_1908,ASV_12,Tritrichomonas,Tritrichomonas_sp._MEG-2016a,NA,Tritrichomonas,81,12,Y
234,ASV_2005,ASV_12,Tritrichomonas,Tritrichomonas_sp._MEG-2016a,NA,Tritrichomonas,81,12,Y
234,ASV_3409,ASV_12,Tritrichomonas,Tritrichomonas_sp._MEG-2016a,NA,Tritrichomonas,81,12,Y
234,ASV_3780,ASV_12,Tritrichomonas,Tritrichomonas_sp._MEG-2016a,NA,Tritrichomonas,81,12,Y
234,ASV_405,ASV_12,Tritrichomonas,Tritrichomonas_sp._MEG-2016a,NA,Tritrichomonas,81,12,Y
234,ASV_463,ASV_12,Tritrichomonas,Tritrichomonas_sp._MEG-2016a,NA,Tritrichomonas,81,12,Y
234,ASV_54,ASV_12,Tritrichomonas,Tritrichomonas_sp._MEG-2016a,NA,Tritrichomonas,81,12,Y
234,ASV_556,ASV_12,Tritrichomonas,Tritrichomonas_sp._MEG-2016a,NA,Tritrichomonas,81,12,Y
234,ASV_569,ASV_12,Tritrichomonas,Tritrichomonas_sp._MEG-2016a,NA,Tritrichomonas,81,12,Y
234,ASV_5863,ASV_12,Tritrichomonas,Tritrichomonas_sp._MEG-2016a,NA,Tritrichomonas,81,12,Y
234,ASV_591,ASV_12,Tritrichomonas,Tritrichomonas_sp._MEG-2016a,NA,Tritrichomonas,81,12,Y
234,ASV_6111,ASV_12,Tritrichomonas,Tritrichomonas_sp._MEG-2016a,NA,Tritrichomonas,81,12,Y
234,ASV_619,ASV_12,Tritrichomonas,Tritrichomonas_sp._MEG-2016a,NA,Tritrichomonas,81,12,Y
234,ASV_820,ASV_12,Tritrichomonas,Tritrichomonas_sp._MEG-2016a,NA,Tritrichomonas,81,12,Y
310,ASV_10096,ASV_368,Cyclophyllidea,Hymenolepis_microstoma,NA,Hymenolepis_microstoma,4,368,Y
310,ASV_10735,ASV_368,Cyclophyllidea,Hymenolepis_microstoma,NA,Hymenolepis_microstoma,4,368,Y
310,ASV_10938,ASV_368,Cyclophyllidea,Hymenolepis_microstoma,NA,Hymenolepis_microstoma,4,368,Y
310,ASV_11219,ASV_368,Cyclophyllidea,Hymenolepis_microstoma,NA,Hymenolepis_microstoma,4,368,Y
310,ASV_12213,ASV_368,Cyclophyllidea,Hymenolepis_microstoma,NA,Hymenolepis_microstoma,4,368,Y
310,ASV_12483,ASV_368,Cyclophyllidea,Hymenolepis_microstoma,NA,Hymenolepis_microstoma,4,368,Y
310,ASV_12489,ASV_368,Cyclophyllidea,Hymenolepis_microstoma,NA,Hymenolepis_microstoma,4,368,Y
310,ASV_2544,ASV_368,Cyclophyllidea,Hymenolepis_microstoma,NA,Hymenolepis_microstoma,4,368,Y
310,ASV_368,ASV_368,Cyclophyllidea,Hymenolepis_microstoma,NA,Hymenolepis_microstoma,4,368,Y
310,ASV_4119,ASV_368,Cyclophyllidea,Hymenolepis_microstoma,NA,Hymenolepis_microstoma,4,368,Y
310,ASV_4195,ASV_368,Cyclophyllidea,Hymenolepis_microstoma,NA,Hymenolepis_microstoma,4,368,Y
310,ASV_5964,ASV_368,Cyclophyllidea,Hymenolepis_microstoma,NA,Hymenolepis_microstoma,4,368,Y
310,ASV_6258,ASV_368,Cyclophyllidea,Hymenolepis_microstoma,NA,Hymenolepis_microstoma,4,368,Y
310,ASV_640,ASV_368,Cyclophyllidea,Hymenolepis_microstoma,NA,Hymenolepis_microstoma,4,368,Y
310,ASV_9168,ASV_368,Cyclophyllidea,Hymenolepis_microstoma,NA,Hymenolepis_microstoma,4,368,Y
310,ASV_9488,ASV_368,Cyclophyllidea,Hymenolepis_microstoma,NA,Hymenolepis_microstoma,4,368,Y
311,ASV_1115,ASV_728,Cyclophyllidea,Hymenolepis_diminuta,NA,Hymenolepis_diminuta,5,728,Y
311,ASV_728,ASV_728,Cyclophyllidea,Hymenolepis_diminuta,NA,Hymenolepis_diminuta,5,728,Y
311,ASV_7655,ASV_728,Cyclophyllidea,Hymenolepis_diminuta,NA,Hymenolepis_diminuta,5,728,Y
312,ASV_15264,ASV_1658,Cyclophyllidea,Hymenolepis_microstoma,NA,Hymenolepis_microstoma,3,1658,Y
312,ASV_1636,ASV_1658,Cyclophyllidea,Hymenolepis_microstoma,NA,Hymenolepis_microstoma,3,1658,Y
312,ASV_1658,ASV_1658,Cyclophyllidea,Hymenolepis_microstoma,NA,Hymenolepis_microstoma,3,1658,Y
312,ASV_2063,ASV_1658,Cyclophyllidea,Hymenolepis_microstoma,NA,Hymenolepis_microstoma,3,1658,Y
312,ASV_2368,ASV_1658,Cyclophyllidea,Hymenolepis_microstoma,NA,Hymenolepis_microstoma,3,1658,Y
312,ASV_2871,ASV_1658,Cyclophyllidea,Hymenolepis_microstoma,NA,Hymenolepis_microstoma,3,1658,Y
312,ASV_3352,ASV_1658,Cyclophyllidea,Hymenolepis_microstoma,NA,Hymenolepis_microstoma,3,1658,Y
312,ASV_3744,ASV_1658,Cyclophyllidea,Hymenolepis_microstoma,NA,Hymenolepis_microstoma,3,1658,Y
312,ASV_4659,ASV_1658,Cyclophyllidea,Hymenolepis_microstoma,NA,Hymenolepis_microstoma,3,1658,Y
312,ASV_6021,ASV_1658,Cyclophyllidea,Hymenolepis_microstoma,NA,Hymenolepis_microstoma,3,1658,Y
312,ASV_7359,ASV_1658,Cyclophyllidea,Hymenolepis_microstoma,NA,Hymenolepis_microstoma,3,1658,Y
312,ASV_7414,ASV_1658,Cyclophyllidea,Hymenolepis_microstoma,NA,Hymenolepis_microstoma,3,1658,Y
312,ASV_9346,ASV_1658,Cyclophyllidea,Hymenolepis_microstoma,NA,Hymenolepis_microstoma,3,1658,Y
312,ASV_956,ASV_1658,Cyclophyllidea,Hymenolepis_microstoma,NA,Hymenolepis_microstoma,3,1658,Y
313,ASV_2988,ASV_2988,unclassified_Eucestoda,Cyclophyllidea,NA,Cyclophyllidea,1,2988,Y
313,ASV_6151,ASV_2988,unclassified_Eucestoda,Cyclophyllidea,NA,Cyclophyllidea,1,2988,Y
314,ASV_3639,ASV_3639,unclassified_Eucestoda,Cyclophyllidea,NA,Cyclophyllidea,1,3639,Y
315,ASV_10095,ASV_119,Cyclophyllidea,Cyclophyllidea,NA,Cyclophyllidea,19,119,Y
315,ASV_1079,ASV_119,Cyclophyllidea,Cyclophyllidea,NA,Cyclophyllidea,19,119,Y
315,ASV_11234,ASV_119,Cyclophyllidea,Cyclophyllidea,NA,Cyclophyllidea,19,119,Y
315,ASV_11516,ASV_119,Cyclophyllidea,Cyclophyllidea,NA,Cyclophyllidea,19,119,Y
315,ASV_119,ASV_119,Cyclophyllidea,Cyclophyllidea,NA,Cyclophyllidea,19,119,Y
315,ASV_15305,ASV_119,Cyclophyllidea,Cyclophyllidea,NA,Cyclophyllidea,19,119,Y
315,ASV_1703,ASV_119,Cyclophyllidea,Cyclophyllidea,NA,Cyclophyllidea,19,119,Y
315,ASV_17412,ASV_119,Cyclophyllidea,Cyclophyllidea,NA,Cyclophyllidea,19,119,Y
315,ASV_2101,ASV_119,Cyclophyllidea,Cyclophyllidea,NA,Cyclophyllidea,19,119,Y
315,ASV_2647,ASV_119,Cyclophyllidea,Cyclophyllidea,NA,Cyclophyllidea,19,119,Y
315,ASV_3014,ASV_119,Cyclophyllidea,Cyclophyllidea,NA,Cyclophyllidea,19,119,Y
315,ASV_6601,ASV_119,Cyclophyllidea,Cyclophyllidea,NA,Cyclophyllidea,19,119,Y
315,ASV_6617,ASV_119,Cyclophyllidea,Cyclophyllidea,NA,Cyclophyllidea,19,119,Y
315,ASV_7129,ASV_119,Cyclophyllidea,Cyclophyllidea,NA,Cyclophyllidea,19,119,Y
315,ASV_9044,ASV_119,Cyclophyllidea,Cyclophyllidea,NA,Cyclophyllidea,19,119,Y
315,ASV_947,ASV_119,Cyclophyllidea,Cyclophyllidea,NA,Cyclophyllidea,19,119,Y
316,ASV_16346,ASV_16346,Cyclophyllidea,Hymenolepis_microstoma,NA,Hymenolepis_microstoma,1,16346,Y
318,ASV_5875,ASV_5875,Rhabditida,Caenorhabditis_nigoni,NA,Rhabditida,1,5875,Y
325,ASV_1839,ASV_6,Rhabditida,Nippostrongylus_brasiliensis,NA,Nippostrongylus_brasiliensis,143,6,Y
325,ASV_2176,ASV_6,Rhabditida,Nippostrongylus_brasiliensis,NA,Nippostrongylus_brasiliensis,143,6,Y
325,ASV_2225,ASV_6,Rhabditida,Nippostrongylus_brasiliensis,NA,Nippostrongylus_brasiliensis,143,6,Y
325,ASV_2384,ASV_6,Rhabditida,Nippostrongylus_brasiliensis,NA,Nippostrongylus_brasiliensis,143,6,Y
325,ASV_25,ASV_6,Rhabditida,Nippostrongylus_brasiliensis,NA,Nippostrongylus_brasiliensis,143,6,Y
325,ASV_3016,ASV_6,Rhabditida,Nippostrongylus_brasiliensis,NA,Nippostrongylus_brasiliensis,143,6,Y
325,ASV_3262,ASV_6,Rhabditida,Nippostrongylus_brasiliensis,NA,Nippostrongylus_brasiliensis,143,6,Y
325,ASV_3269,ASV_6,Rhabditida,Nippostrongylus_brasiliensis,NA,Nippostrongylus_brasiliensis,143,6,Y
325,ASV_3280,ASV_6,Rhabditida,Nippostrongylus_brasiliensis,NA,Nippostrongylus_brasiliensis,143,6,Y
325,ASV_3661,ASV_6,Rhabditida,Nippostrongylus_brasiliensis,NA,Nippostrongylus_brasiliensis,143,6,Y
325,ASV_4039,ASV_6,Rhabditida,Nippostrongylus_brasiliensis,NA,Nippostrongylus_brasiliensis,143,6,Y
325,ASV_4911,ASV_6,Rhabditida,Nippostrongylus_brasiliensis,NA,Nippostrongylus_brasiliensis,143,6,Y
325,ASV_6,ASV_6,Rhabditida,Nippostrongylus_brasiliensis,NA,Nippostrongylus_brasiliensis,143,6,Y
325,ASV_6020,ASV_6,Rhabditida,Nippostrongylus_brasiliensis,NA,Nippostrongylus_brasiliensis,143,6,Y
325,ASV_8347,ASV_6,Rhabditida,Nippostrongylus_brasiliensis,NA,Nippostrongylus_brasiliensis,143,6,Y
326,ASV_4250,ASV_4250,Blastocystis,Blastocystis_sp._OSU14,NA,Blastocystis,1,4250,Y
329,ASV_5119,ASV_5119,NA,Rhabditida,NA,Rhabditida,1,5119,Y
330,ASV_1940,ASV_1940,Rhabditida,Oscheius_sp._MCB,NA,Oscheius,1,1940,Y
330,ASV_322,ASV_1940,Rhabditida,Oscheius_sp._MCB,NA,Oscheius,1,1940,Y
330,ASV_5055,ASV_1940,Rhabditida,Oscheius_sp._MCB,NA,Oscheius,1,1940,Y
332,ASV_4837,ASV_4837,Animalia,Eucestoda,Hymenolepididae,Eucestoda,1,4837,Y
332,ASV_5476,ASV_4837,Animalia,Eucestoda,Hymenolepididae,Eucestoda,1,4837,Y
338,ASV_2681,ASV_2681,Rhabditida,Rhabditida,NA,Rhabditida,1,2681,Y
339,ASV_1136,ASV_1136,Rhabditida,Nippostrongylus_brasiliensis,NA,Nippostrongylus_brasiliensis,4,1136,Y
339,ASV_2919,ASV_1136,Rhabditida,Nippostrongylus_brasiliensis,NA,Nippostrongylus_brasiliensis,4,1136,Y
339,ASV_4254,ASV_1136,Rhabditida,Nippostrongylus_brasiliensis,NA,Nippostrongylus_brasiliensis,4,1136,Y
345,ASV_3611,ASV_3611,Animalia,Rhabditida,Angiostrongylus,Rhabditida,1,3611,Y
346,ASV_1614,ASV_540,Animalia,Nippostrongylus_brasiliensis,Nippostrongylus_brasiliensis,Nippostrongylus_brasiliensis,10,540,Y
346,ASV_540,ASV_540,Animalia,Nippostrongylus_brasiliensis,Nippostrongylus_brasiliensis,Nippostrongylus_brasiliensis,10,540,Y
346,ASV_934,ASV_540,Animalia,Nippostrongylus_brasiliensis,Nippostrongylus_brasiliensis,Nippostrongylus_brasiliensis,10,540,Y
347,ASV_2158,ASV_2158,Animalia,Spirurida,Spirurida,Spirurida,4,2158,Y
354,ASV_467,ASV_467,NA,Rhabditida,Oscheius,Rhabditida,1,467,Y
358,ASV_1174,ASV_154,Rhabditida,Rhabditida,NA,Rhabditida,22,154,Y
358,ASV_1258,ASV_154,Rhabditida,Rhabditida,NA,Rhabditida,22,154,Y
358,ASV_154,ASV_154,Rhabditida,Rhabditida,NA,Rhabditida,22,154,Y
358,ASV_17,ASV_154,Rhabditida,Rhabditida,NA,Rhabditida,22,154,Y
358,ASV_2475,ASV_154,Rhabditida,Rhabditida,NA,Rhabditida,22,154,Y
358,ASV_2690,ASV_154,Rhabditida,Rhabditida,NA,Rhabditida,22,154,Y
358,ASV_3883,ASV_154,Rhabditida,Rhabditida,NA,Rhabditida,22,154,Y
358,ASV_4279,ASV_154,Rhabditida,Rhabditida,NA,Rhabditida,22,154,Y
358,ASV_53,ASV_154,Rhabditida,Rhabditida,NA,Rhabditida,22,154,Y
358,ASV_5417,ASV_154,Rhabditida,Rhabditida,NA,Rhabditida,22,154,Y
358,ASV_622,ASV_154,Rhabditida,Rhabditida,NA,Rhabditida,22,154,Y
358,ASV_643,ASV_154,Rhabditida,Rhabditida,NA,Rhabditida,22,154,Y
358,ASV_680,ASV_154,Rhabditida,Rhabditida,NA,Rhabditida,22,154,Y
358,ASV_898,ASV_154,Rhabditida,Rhabditida,NA,Rhabditida,22,154,Y
362,ASV_1092,ASV_1092,Rhabditida,Rhabditida,NA,Rhabditida,5,1092,Y
362,ASV_1296,ASV_1092,Rhabditida,Rhabditida,NA,Rhabditida,5,1092,Y
362,ASV_3837,ASV_1092,Rhabditida,Rhabditida,NA,Rhabditida,5,1092,Y
362,ASV_4336,ASV_1092,Rhabditida,Rhabditida,NA,Rhabditida,5,1092,Y
362,ASV_5567,ASV_1092,Rhabditida,Rhabditida,NA,Rhabditida,5,1092,Y
363,ASV_461,ASV_461,Trichocephalida,Trichuris_trichiura_(human_whipworm),Trichuris_trichiura,Trichuris_trichiura,1,461,Y
365,ASV_1314,ASV_1422,Rhabditida,Rhabditida,NA,Rhabditida,3,1422,Y
365,ASV_1422,ASV_1422,Rhabditida,Rhabditida,NA,Rhabditida,3,1422,Y
365,ASV_2283,ASV_1422,Rhabditida,Rhabditida,NA,Rhabditida,3,1422,Y
365,ASV_2290,ASV_1422,Rhabditida,Rhabditida,NA,Rhabditida,3,1422,Y
365,ASV_2308,ASV_1422,Rhabditida,Rhabditida,NA,Rhabditida,3,1422,Y
365,ASV_2756,ASV_1422,Rhabditida,Rhabditida,NA,Rhabditida,3,1422,Y
365,ASV_2969,ASV_1422,Rhabditida,Rhabditida,NA,Rhabditida,3,1422,Y
365,ASV_3225,ASV_1422,Rhabditida,Rhabditida,NA,Rhabditida,3,1422,Y
365,ASV_3589,ASV_1422,Rhabditida,Rhabditida,NA,Rhabditida,3,1422,Y
365,ASV_5852,ASV_1422,Rhabditida,Rhabditida,NA,Rhabditida,3,1422,Y
365,ASV_7931,ASV_1422,Rhabditida,Rhabditida,NA,Rhabditida,3,1422,Y
365,ASV_8179,ASV_1422,Rhabditida,Rhabditida,NA,Rhabditida,3,1422,Y
365,ASV_9127,ASV_1422,Rhabditida,Rhabditida,NA,Rhabditida,3,1422,Y
375,ASV_1109,ASV_1109,Rhabditida,Oscheius_sp._MCB,Oscheius,Oscheius,3,1109,Y
375,ASV_3838,ASV_1109,Rhabditida,Oscheius_sp._MCB,Oscheius,Oscheius,3,1109,Y
381,ASV_5588,ASV_5588,Rhabditida,Oscheius_sp._MCB,NA,Oscheius,1,5588,Y
385,ASV_1121,ASV_334,Hepatozoon,Hepatozoon,NA,Hepatozoon,14,334,Y
385,ASV_334,ASV_334,Hepatozoon,Hepatozoon,NA,Hepatozoon,14,334,Y
385,ASV_548,ASV_334,Hepatozoon,Hepatozoon,NA,Hepatozoon,14,334,Y
385,ASV_5904,ASV_334,Hepatozoon,Hepatozoon,NA,Hepatozoon,14,334,Y
386,ASV_10822,ASV_10822,unclassified_Eucestoda,Cyclophyllidea,NA,Cyclophyllidea,1,10822,Y
386,ASV_11847,ASV_10822,unclassified_Eucestoda,Cyclophyllidea,NA,Cyclophyllidea,1,10822,Y
386,ASV_12960,ASV_10822,unclassified_Eucestoda,Cyclophyllidea,NA,Cyclophyllidea,1,10822,Y
388,ASV_10900,ASV_31,Blastocystis,Blastocystis_sp._OSU14,NA,Blastocystis,46,31,Y
388,ASV_2302,ASV_31,Blastocystis,Blastocystis_sp._OSU14,NA,Blastocystis,46,31,Y
388,ASV_2684,ASV_31,Blastocystis,Blastocystis_sp._OSU14,NA,Blastocystis,46,31,Y
388,ASV_3049,ASV_31,Blastocystis,Blastocystis_sp._OSU14,NA,Blastocystis,46,31,Y
388,ASV_31,ASV_31,Blastocystis,Blastocystis_sp._OSU14,NA,Blastocystis,46,31,Y
389,ASV_2236,ASV_236,Oxyurida,Syphacia_muris,NA,Syphacia,8,236,Y
389,ASV_236,ASV_236,Oxyurida,Syphacia_muris,NA,Syphacia,8,236,Y
389,ASV_7310,ASV_236,Oxyurida,Syphacia_muris,NA,Syphacia,8,236,Y
389,ASV_9989,ASV_236,Oxyurida,Syphacia_muris,NA,Syphacia,8,236,Y
401,ASV_5657,ASV_5657,Spirurida,Spirurida,NA,Spirurida,1,5657,Y
404,ASV_171,ASV_171,Spirurida,Spirurida,NA,Spirurida,12,171,Y
404,ASV_2632,ASV_171,Spirurida,Spirurida,NA,Spirurida,12,171,Y
404,ASV_318,ASV_171,Spirurida,Spirurida,NA,Spirurida,12,171,Y
404,ASV_3923,ASV_171,Spirurida,Spirurida,NA,Spirurida,12,171,Y
404,ASV_4052,ASV_171,Spirurida,Spirurida,NA,Spirurida,12,171,Y
407,ASV_2943,ASV_2943,Ascaridida,Ascaridida,NA,Ascaridida,1,2943,Y
412,ASV_15,ASV_15,Blastocystis,Blastocystis_sp._subtype_3,0,Blastocystis,2,15,Y
412,ASV_20,ASV_15,Blastocystis,Blastocystis_sp._subtype_3,0,Blastocystis,2,15,Y
412,ASV_692,ASV_15,Blastocystis,Blastocystis_sp._subtype_3,0,Blastocystis,2,15,Y
415,ASV_1778,ASV_1778,Rhabditida,Nippostrongylus_brasiliensis,NA,Nippostrongylus_brasiliensis,1,1778,Y
415,ASV_2923,ASV_1778,Rhabditida,Nippostrongylus_brasiliensis,NA,Nippostrongylus_brasiliensis,1,1778,Y
415,ASV_3144,ASV_1778,Rhabditida,Nippostrongylus_brasiliensis,NA,Nippostrongylus_brasiliensis,1,1778,Y
415,ASV_4067,ASV_1778,Rhabditida,Nippostrongylus_brasiliensis,NA,Nippostrongylus_brasiliensis,1,1778,Y
415,ASV_4588,ASV_1778,Rhabditida,Nippostrongylus_brasiliensis,NA,Nippostrongylus_brasiliensis,1,1778,Y
415,ASV_4944,ASV_1778,Rhabditida,Nippostrongylus_brasiliensis,NA,Nippostrongylus_brasiliensis,1,1778,Y
415,ASV_6526,ASV_1778,Rhabditida,Nippostrongylus_brasiliensis,NA,Nippostrongylus_brasiliensis,1,1778,Y
415,ASV_6577,ASV_1778,Rhabditida,Nippostrongylus_brasiliensis,NA,Nippostrongylus_brasiliensis,1,1778,Y
415,ASV_670,ASV_1778,Rhabditida,Nippostrongylus_brasiliensis,NA,Nippostrongylus_brasiliensis,1,1778,Y
415,ASV_7071,ASV_1778,Rhabditida,Nippostrongylus_brasiliensis,NA,Nippostrongylus_brasiliensis,1,1778,Y
420,ASV_1204,ASV_1204,NA,Eimeria_sp._ex_Apodemus_agrarius,Eimeria,Eimeria,7,1204,Y
420,ASV_2924,ASV_1204,NA,Eimeria_sp._ex_Apodemus_agrarius,Eimeria,Eimeria,7,1204,Y
429,ASV_2526,ASV_2526,unclassified_Coccidia,Hepatozoon,Eimeriorina,Eimeriorina,2,2526,Y
435,ASV_2549,ASV_85,Oxyurida,Syphacia_obvelata,NA,Syphacia,16,85,Y
435,ASV_85,ASV_85,Oxyurida,Syphacia_obvelata,NA,Syphacia,16,85,Y
447,ASV_1376,ASV_1376,Blastocystis,Blastocystis_sp._OSU14,NA,Blastocystis,3,1376,Y
447,ASV_2108,ASV_1376,Blastocystis,Blastocystis_sp._OSU14,NA,Blastocystis,3,1376,Y
447,ASV_6216,ASV_1376,Blastocystis,Blastocystis_sp._OSU14,NA,Blastocystis,3,1376,Y
448,ASV_27,ASV_27,Ascaridida,Ascaridida,0,Ascaridida,5,27,Y
448,ASV_5938,ASV_27,Ascaridida,Ascaridida,0,Ascaridida,5,27,Y
475,ASV_2084,ASV_2084,Eimeria,Eimeria_sp._ex_Apodemus_agrarius,NA,Eimeria,3,2084,Y
475,ASV_2592,ASV_2084,Eimeria,Eimeria_sp._ex_Apodemus_agrarius,NA,Eimeria,3,2084,Y
475,ASV_3792,ASV_2084,Eimeria,Eimeria_sp._ex_Apodemus_agrarius,NA,Eimeria,3,2084,Y
475,ASV_5079,ASV_2084,Eimeria,Eimeria_sp._ex_Apodemus_agrarius,NA,Eimeria,3,2084,Y
475,ASV_7604,ASV_2084,Eimeria,Eimeria_sp._ex_Apodemus_agrarius,NA,Eimeria,3,2084,Y
475,ASV_8271,ASV_2084,Eimeria,Eimeria_sp._ex_Apodemus_agrarius,NA,Eimeria,3,2084,Y
514,ASV_13441,ASV_13441,Eimeria,Eimeria,NA,Eimeria,1,13441,Y
530,ASV_1292,ASV_68,Eimeria,Eimeria_ferrisi,NA,Eimeria,37,68,Y
530,ASV_1458,ASV_68,Eimeria,Eimeria_ferrisi,NA,Eimeria,37,68,Y
530,ASV_148,ASV_68,Eimeria,Eimeria_ferrisi,NA,Eimeria,37,68,Y
530,ASV_1874,ASV_68,Eimeria,Eimeria_ferrisi,NA,Eimeria,37,68,Y
530,ASV_2264,ASV_68,Eimeria,Eimeria_ferrisi,NA,Eimeria,37,68,Y
530,ASV_2321,ASV_68,Eimeria,Eimeria_ferrisi,NA,Eimeria,37,68,Y
530,ASV_2474,ASV_68,Eimeria,Eimeria_ferrisi,NA,Eimeria,37,68,Y
530,ASV_251,ASV_68,Eimeria,Eimeria_ferrisi,NA,Eimeria,37,68,Y
530,ASV_3107,ASV_68,Eimeria,Eimeria_ferrisi,NA,Eimeria,37,68,Y
530,ASV_4262,ASV_68,Eimeria,Eimeria_ferrisi,NA,Eimeria,37,68,Y
530,ASV_4463,ASV_68,Eimeria,Eimeria_ferrisi,NA,Eimeria,37,68,Y
530,ASV_5296,ASV_68,Eimeria,Eimeria_ferrisi,NA,Eimeria,37,68,Y
530,ASV_5953,ASV_68,Eimeria,Eimeria_ferrisi,NA,Eimeria,37,68,Y
530,ASV_651,ASV_68,Eimeria,Eimeria_ferrisi,NA,Eimeria,37,68,Y
530,ASV_68,ASV_68,Eimeria,Eimeria_ferrisi,NA,Eimeria,37,68,Y
530,ASV_964,ASV_68,Eimeria,Eimeria_ferrisi,NA,Eimeria,37,68,Y
537,ASV_10072,ASV_71,Eimeria,Eimeria,NA,Eimeria,64,71,Y
537,ASV_1008,ASV_71,Eimeria,Eimeria,NA,Eimeria,64,71,Y
537,ASV_103,ASV_71,Eimeria,Eimeria,NA,Eimeria,64,71,Y
537,ASV_1040,ASV_71,Eimeria,Eimeria,NA,Eimeria,64,71,Y
537,ASV_1045,ASV_71,Eimeria,Eimeria,NA,Eimeria,64,71,Y
537,ASV_106,ASV_71,Eimeria,Eimeria,NA,Eimeria,64,71,Y
537,ASV_1108,ASV_71,Eimeria,Eimeria,NA,Eimeria,64,71,Y
537,ASV_1113,ASV_71,Eimeria,Eimeria,NA,Eimeria,64,71,Y
537,ASV_1143,ASV_71,Eimeria,Eimeria,NA,Eimeria,64,71,Y
537,ASV_1154,ASV_71,Eimeria,Eimeria,NA,Eimeria,64,71,Y
537,ASV_1218,ASV_71,Eimeria,Eimeria,NA,Eimeria,64,71,Y
537,ASV_1226,ASV_71,Eimeria,Eimeria,NA,Eimeria,64,71,Y
537,ASV_127,ASV_71,Eimeria,Eimeria,NA,Eimeria,64,71,Y
537,ASV_128,ASV_71,Eimeria,Eimeria,NA,Eimeria,64,71,Y
537,ASV_1284,ASV_71,Eimeria,Eimeria,NA,Eimeria,64,71,Y
537,ASV_130,ASV_71,Eimeria,Eimeria,NA,Eimeria,64,71,Y
537,ASV_1300,ASV_71,Eimeria,Eimeria,NA,Eimeria,64,71,Y
537,ASV_1304,ASV_71,Eimeria,Eimeria,NA,Eimeria,64,71,Y
537,ASV_1349,ASV_71,Eimeria,Eimeria,NA,Eimeria,64,71,Y
537,ASV_1363,ASV_71,Eimeria,Eimeria,NA,Eimeria,64,71,Y
537,ASV_137,ASV_71,Eimeria,Eimeria,NA,Eimeria,64,71,Y
537,ASV_153,ASV_71,Eimeria,Eimeria,NA,Eimeria,64,71,Y
537,ASV_1531,ASV_71,Eimeria,Eimeria,NA,Eimeria,64,71,Y
537,ASV_156,ASV_71,Eimeria,Eimeria,NA,Eimeria,64,71,Y
537,ASV_1563,ASV_71,Eimeria,Eimeria,NA,Eimeria,64,71,Y
537,ASV_1583,ASV_71,Eimeria,Eimeria,NA,Eimeria,64,71,Y
537,ASV_1663,ASV_71,Eimeria,Eimeria,NA,Eimeria,64,71,Y
537,ASV_1695,ASV_71,Eimeria,Eimeria,NA,Eimeria,64,71,Y
537,ASV_1742,ASV_71,Eimeria,Eimeria,NA,Eimeria,64,71,Y
537,ASV_176,ASV_71,Eimeria,Eimeria,NA,Eimeria,64,71,Y
537,ASV_1894,ASV_71,Eimeria,Eimeria,NA,Eimeria,64,71,Y
537,ASV_1973,ASV_71,Eimeria,Eimeria,NA,Eimeria,64,71,Y
537,ASV_1978,ASV_71,Eimeria,Eimeria,NA,Eimeria,64,71,Y
537,ASV_1990,ASV_71,Eimeria,Eimeria,NA,Eimeria,64,71,Y
537,ASV_1991,ASV_71,Eimeria,Eimeria,NA,Eimeria,64,71,Y
537,ASV_202,ASV_71,Eimeria,Eimeria,NA,Eimeria,64,71,Y
537,ASV_2020,ASV_71,Eimeria,Eimeria,NA,Eimeria,64,71,Y
537,ASV_2042,ASV_71,Eimeria,Eimeria,NA,Eimeria,64,71,Y
537,ASV_2067,ASV_71,Eimeria,Eimeria,NA,Eimeria,64,71,Y
537,ASV_2119,ASV_71,Eimeria,Eimeria,NA,Eimeria,64,71,Y
537,ASV_2144,ASV_71,Eimeria,Eimeria,NA,Eimeria,64,71,Y
537,ASV_2145,ASV_71,Eimeria,Eimeria,NA,Eimeria,64,71,Y
537,ASV_2194,ASV_71,Eimeria,Eimeria,NA,Eimeria,64,71,Y
537,ASV_2201,ASV_71,Eimeria,Eimeria,NA,Eimeria,64,71,Y
537,ASV_2235,ASV_71,Eimeria,Eimeria,NA,Eimeria,64,71,Y
537,ASV_2280,ASV_71,Eimeria,Eimeria,NA,Eimeria,64,71,Y
537,ASV_2293,ASV_71,Eimeria,Eimeria,NA,Eimeria,64,71,Y
537,ASV_2332,ASV_71,Eimeria,Eimeria,NA,Eimeria,64,71,Y
537,ASV_2345,ASV_71,Eimeria,Eimeria,NA,Eimeria,64,71,Y
537,ASV_240,ASV_71,Eimeria,Eimeria,NA,Eimeria,64,71,Y
537,ASV_2416,ASV_71,Eimeria,Eimeria,NA,Eimeria,64,71,Y
537,ASV_2452,ASV_71,Eimeria,Eimeria,NA,Eimeria,64,71,Y
537,ASV_247,ASV_71,Eimeria,Eimeria,NA,Eimeria,64,71,Y
537,ASV_2471,ASV_71,Eimeria,Eimeria,NA,Eimeria,64,71,Y
537,ASV_2473,ASV_71,Eimeria,Eimeria,NA,Eimeria,64,71,Y
537,ASV_2637,ASV_71,Eimeria,Eimeria,NA,Eimeria,64,71,Y
537,ASV_2654,ASV_71,Eimeria,Eimeria,NA,Eimeria,64,71,Y
537,ASV_268,ASV_71,Eimeria,Eimeria,NA,Eimeria,64,71,Y
537,ASV_2694,ASV_71,Eimeria,Eimeria,NA,Eimeria,64,71,Y
537,ASV_272,ASV_71,Eimeria,Eimeria,NA,Eimeria,64,71,Y
537,ASV_2759,ASV_71,Eimeria,Eimeria,NA,Eimeria,64,71,Y
537,ASV_278,ASV_71,Eimeria,Eimeria,NA,Eimeria,64,71,Y
537,ASV_286,ASV_71,Eimeria,Eimeria,NA,Eimeria,64,71,Y
537,ASV_289,ASV_71,Eimeria,Eimeria,NA,Eimeria,64,71,Y
537,ASV_291,ASV_71,Eimeria,Eimeria,NA,Eimeria,64,71,Y
537,ASV_2955,ASV_71,Eimeria,Eimeria,NA,Eimeria,64,71,Y
537,ASV_2965,ASV_71,Eimeria,Eimeria,NA,Eimeria,64,71,Y
537,ASV_2989,ASV_71,Eimeria,Eimeria,NA,Eimeria,64,71,Y
537,ASV_3003,ASV_71,Eimeria,Eimeria,NA,Eimeria,64,71,Y
537,ASV_3109,ASV_71,Eimeria,Eimeria,NA,Eimeria,64,71,Y
537,ASV_3155,ASV_71,Eimeria,Eimeria,NA,Eimeria,64,71,Y
537,ASV_3195,ASV_71,Eimeria,Eimeria,NA,Eimeria,64,71,Y
537,ASV_328,ASV_71,Eimeria,Eimeria,NA,Eimeria,64,71,Y
537,ASV_3294,ASV_71,Eimeria,Eimeria,NA,Eimeria,64,71,Y
537,ASV_330,ASV_71,Eimeria,Eimeria,NA,Eimeria,64,71,Y
537,ASV_3394,ASV_71,Eimeria,Eimeria,NA,Eimeria,64,71,Y
537,ASV_3413,ASV_71,Eimeria,Eimeria,NA,Eimeria,64,71,Y
537,ASV_345,ASV_71,Eimeria,Eimeria,NA,Eimeria,64,71,Y
537,ASV_349,ASV_71,Eimeria,Eimeria,NA,Eimeria,64,71,Y
537,ASV_3521,ASV_71,Eimeria,Eimeria,NA,Eimeria,64,71,Y
537,ASV_359,ASV_71,Eimeria,Eimeria,NA,Eimeria,64,71,Y
537,ASV_3596,ASV_71,Eimeria,Eimeria,NA,Eimeria,64,71,Y
537,ASV_3655,ASV_71,Eimeria,Eimeria,NA,Eimeria,64,71,Y
537,ASV_3674,ASV_71,Eimeria,Eimeria,NA,Eimeria,64,71,Y
537,ASV_3754,ASV_71,Eimeria,Eimeria,NA,Eimeria,64,71,Y
537,ASV_3818,ASV_71,Eimeria,Eimeria,NA,Eimeria,64,71,Y
537,ASV_3850,ASV_71,Eimeria,Eimeria,NA,Eimeria,64,71,Y
537,ASV_3943,ASV_71,Eimeria,Eimeria,NA,Eimeria,64,71,Y
537,ASV_4049,ASV_71,Eimeria,Eimeria,NA,Eimeria,64,71,Y
537,ASV_406,ASV_71,Eimeria,Eimeria,NA,Eimeria,64,71,Y
537,ASV_4134,ASV_71,Eimeria,Eimeria,NA,Eimeria,64,71,Y
537,ASV_4137,ASV_71,Eimeria,Eimeria,NA,Eimeria,64,71,Y
537,ASV_4203,ASV_71,Eimeria,Eimeria,NA,Eimeria,64,71,Y
537,ASV_4205,ASV_71,Eimeria,Eimeria,NA,Eimeria,64,71,Y
537,ASV_421,ASV_71,Eimeria,Eimeria,NA,Eimeria,64,71,Y
537,ASV_424,ASV_71,Eimeria,Eimeria,NA,Eimeria,64,71,Y
537,ASV_425,ASV_71,Eimeria,Eimeria,NA,Eimeria,64,71,Y
537,ASV_4263,ASV_71,Eimeria,Eimeria,NA,Eimeria,64,71,Y
537,ASV_4410,ASV_71,Eimeria,Eimeria,NA,Eimeria,64,71,Y
537,ASV_4432,ASV_71,Eimeria,Eimeria,NA,Eimeria,64,71,Y
537,ASV_4442,ASV_71,Eimeria,Eimeria,NA,Eimeria,64,71,Y
537,ASV_4600,ASV_71,Eimeria,Eimeria,NA,Eimeria,64,71,Y
537,ASV_4645,ASV_71,Eimeria,Eimeria,NA,Eimeria,64,71,Y
537,ASV_4660,ASV_71,Eimeria,Eimeria,NA,Eimeria,64,71,Y
537,ASV_4691,ASV_71,Eimeria,Eimeria,NA,Eimeria,64,71,Y
537,ASV_470,ASV_71,Eimeria,Eimeria,NA,Eimeria,64,71,Y
537,ASV_4709,ASV_71,Eimeria,Eimeria,NA,Eimeria,64,71,Y
537,ASV_4830,ASV_71,Eimeria,Eimeria,NA,Eimeria,64,71,Y
537,ASV_484,ASV_71,Eimeria,Eimeria,NA,Eimeria,64,71,Y
537,ASV_489,ASV_71,Eimeria,Eimeria,NA,Eimeria,64,71,Y
537,ASV_4919,ASV_71,Eimeria,Eimeria,NA,Eimeria,64,71,Y
537,ASV_5010,ASV_71,Eimeria,Eimeria,NA,Eimeria,64,71,Y
537,ASV_502,ASV_71,Eimeria,Eimeria,NA,Eimeria,64,71,Y
537,ASV_5093,ASV_71,Eimeria,Eimeria,NA,Eimeria,64,71,Y
537,ASV_519,ASV_71,Eimeria,Eimeria,NA,Eimeria,64,71,Y
537,ASV_5221,ASV_71,Eimeria,Eimeria,NA,Eimeria,64,71,Y
537,ASV_524,ASV_71,Eimeria,Eimeria,NA,Eimeria,64,71,Y
537,ASV_5307,ASV_71,Eimeria,Eimeria,NA,Eimeria,64,71,Y
537,ASV_533,ASV_71,Eimeria,Eimeria,NA,Eimeria,64,71,Y
537,ASV_5361,ASV_71,Eimeria,Eimeria,NA,Eimeria,64,71,Y
537,ASV_5362,ASV_71,Eimeria,Eimeria,NA,Eimeria,64,71,Y
537,ASV_5369,ASV_71,Eimeria,Eimeria,NA,Eimeria,64,71,Y
537,ASV_550,ASV_71,Eimeria,Eimeria,NA,Eimeria,64,71,Y
537,ASV_554,ASV_71,Eimeria,Eimeria,NA,Eimeria,64,71,Y
537,ASV_559,ASV_71,Eimeria,Eimeria,NA,Eimeria,64,71,Y
537,ASV_5680,ASV_71,Eimeria,Eimeria,NA,Eimeria,64,71,Y
537,ASV_578,ASV_71,Eimeria,Eimeria,NA,Eimeria,64,71,Y
537,ASV_5795,ASV_71,Eimeria,Eimeria,NA,Eimeria,64,71,Y
537,ASV_584,ASV_71,Eimeria,Eimeria,NA,Eimeria,64,71,Y
537,ASV_5854,ASV_71,Eimeria,Eimeria,NA,Eimeria,64,71,Y
537,ASV_5890,ASV_71,Eimeria,Eimeria,NA,Eimeria,64,71,Y
537,ASV_5903,ASV_71,Eimeria,Eimeria,NA,Eimeria,64,71,Y
537,ASV_597,ASV_71,Eimeria,Eimeria,NA,Eimeria,64,71,Y
537,ASV_6000,ASV_71,Eimeria,Eimeria,NA,Eimeria,64,71,Y
537,ASV_6033,ASV_71,Eimeria,Eimeria,NA,Eimeria,64,71,Y
537,ASV_6068,ASV_71,Eimeria,Eimeria,NA,Eimeria,64,71,Y
537,ASV_610,ASV_71,Eimeria,Eimeria,NA,Eimeria,64,71,Y
537,ASV_632,ASV_71,Eimeria,Eimeria,NA,Eimeria,64,71,Y
537,ASV_6479,ASV_71,Eimeria,Eimeria,NA,Eimeria,64,71,Y
537,ASV_6491,ASV_71,Eimeria,Eimeria,NA,Eimeria,64,71,Y
537,ASV_659,ASV_71,Eimeria,Eimeria,NA,Eimeria,64,71,Y
537,ASV_6685,ASV_71,Eimeria,Eimeria,NA,Eimeria,64,71,Y
537,ASV_6687,ASV_71,Eimeria,Eimeria,NA,Eimeria,64,71,Y
537,ASV_6829,ASV_71,Eimeria,Eimeria,NA,Eimeria,64,71,Y
537,ASV_6881,ASV_71,Eimeria,Eimeria,NA,Eimeria,64,71,Y
537,ASV_6923,ASV_71,Eimeria,Eimeria,NA,Eimeria,64,71,Y
537,ASV_6938,ASV_71,Eimeria,Eimeria,NA,Eimeria,64,71,Y
537,ASV_698,ASV_71,Eimeria,Eimeria,NA,Eimeria,64,71,Y
537,ASV_71,ASV_71,Eimeria,Eimeria,NA,Eimeria,64,71,Y
537,ASV_7103,ASV_71,Eimeria,Eimeria,NA,Eimeria,64,71,Y
537,ASV_722,ASV_71,Eimeria,Eimeria,NA,Eimeria,64,71,Y
537,ASV_7229,ASV_71,Eimeria,Eimeria,NA,Eimeria,64,71,Y
537,ASV_723,ASV_71,Eimeria,Eimeria,NA,Eimeria,64,71,Y
537,ASV_7577,ASV_71,Eimeria,Eimeria,NA,Eimeria,64,71,Y
537,ASV_7596,ASV_71,Eimeria,Eimeria,NA,Eimeria,64,71,Y
537,ASV_8005,ASV_71,Eimeria,Eimeria,NA,Eimeria,64,71,Y
537,ASV_805,ASV_71,Eimeria,Eimeria,NA,Eimeria,64,71,Y
537,ASV_8057,ASV_71,Eimeria,Eimeria,NA,Eimeria,64,71,Y
537,ASV_846,ASV_71,Eimeria,Eimeria,NA,Eimeria,64,71,Y
537,ASV_86,ASV_71,Eimeria,Eimeria,NA,Eimeria,64,71,Y
537,ASV_87,ASV_71,Eimeria,Eimeria,NA,Eimeria,64,71,Y
537,ASV_913,ASV_71,Eimeria,Eimeria,NA,Eimeria,64,71,Y
537,ASV_9176,ASV_71,Eimeria,Eimeria,NA,Eimeria,64,71,Y
537,ASV_9231,ASV_71,Eimeria,Eimeria,NA,Eimeria,64,71,Y
537,ASV_9264,ASV_71,Eimeria,Eimeria,NA,Eimeria,64,71,Y
537,ASV_9869,ASV_71,Eimeria,Eimeria,NA,Eimeria,64,71,Y
545,ASV_13081,ASV_13081,Eimeria,Eimeria_sp._ex_Apodemus_agrarius,NA,Eimeria,1,13081,Y
547,ASV_1107,ASV_114,Eimeria,Eimeria,NA,Eimeria,49,114,Y
547,ASV_114,ASV_114,Eimeria,Eimeria,NA,Eimeria,49,114,Y
547,ASV_1493,ASV_114,Eimeria,Eimeria,NA,Eimeria,49,114,Y
547,ASV_1540,ASV_114,Eimeria,Eimeria,NA,Eimeria,49,114,Y
547,ASV_1819,ASV_114,Eimeria,Eimeria,NA,Eimeria,49,114,Y
547,ASV_3024,ASV_114,Eimeria,Eimeria,NA,Eimeria,49,114,Y
547,ASV_3122,ASV_114,Eimeria,Eimeria,NA,Eimeria,49,114,Y
547,ASV_341,ASV_114,Eimeria,Eimeria,NA,Eimeria,49,114,Y
547,ASV_4327,ASV_114,Eimeria,Eimeria,NA,Eimeria,49,114,Y
547,ASV_4673,ASV_114,Eimeria,Eimeria,NA,Eimeria,49,114,Y
547,ASV_549,ASV_114,Eimeria,Eimeria,NA,Eimeria,49,114,Y
547,ASV_5744,ASV_114,Eimeria,Eimeria,NA,Eimeria,49,114,Y
547,ASV_6892,ASV_114,Eimeria,Eimeria,NA,Eimeria,49,114,Y
547,ASV_760,ASV_114,Eimeria,Eimeria,NA,Eimeria,49,114,Y
547,ASV_9331,ASV_114,Eimeria,Eimeria,NA,Eimeria,49,114,Y
551,ASV_3075,ASV_3075,unclassified_Eimeriorina,Eimeria,NA,Eimeria,2,3075,Y
551,ASV_3669,ASV_3075,unclassified_Eimeriorina,Eimeria,NA,Eimeria,2,3075,Y
570,ASV_10671,ASV_10671,Eimeria,Eimeria_myoxi,NA,Eimeria,1,10671,Y
570,ASV_5599,ASV_10671,Eimeria,Eimeria_myoxi,NA,Eimeria,1,10671,Y
581,ASV_1081,ASV_1081,Eimeria,Eimeria_ferrisi,NA,Eimeria,3,1081,Y
581,ASV_4823,ASV_1081,Eimeria,Eimeria_ferrisi,NA,Eimeria,3,1081,Y
581,ASV_6805,ASV_1081,Eimeria,Eimeria_ferrisi,NA,Eimeria,3,1081,Y
667,ASV_3987,ASV_3987,Cryptosporidium,Cryptosporidium_parvum,NA,Cryptosporidium,1,3987,Y
672,ASV_4591,ASV_4591,Rhabditida,Strongyloides_venezuelensis,NA,Rhabditida,1,4591,Y
673,ASV_4012,ASV_4012,Cryptosporidium,Cryptosporidium,NA,Cryptosporidium,2,4012,Y
716,ASV_9033,ASV_9033,Eimeria,Eimeria,NA,Eimeria,1,9033,Y
726,ASV_3538,ASV_3538,unclassified_Parabasalia,Tritrichomonas,NA,Tritrichomonas,1,3538,Y
728,ASV_8888,ASV_8888,Echinostomida,Echinostoma_paraensei,NA,Echinostoma_paraensei,1,8888,Y
808,ASV_3937,ASV_3937,Rhabditida,Nippostrongylus_brasiliensis,NA,Nippostrongylus_brasiliensis,1,3937,Y
812,ASV_4707,ASV_4707,unclassified_Archiacanthocephala,Moniliformis_moniliformis,Acanthocephala,Acanthocephala,1,4707,Y
