otu_ID,asv_ID,asv_ID_top,Phylum,Class,Order,Family,Genus,Species
1,ASV_3914,ASV_3914,Nematoda,NA,NA,NA,NA,NA
2,ASV_3868,ASV_3868,Nematoda,NA,NA,NA,NA,NA
3,ASV_3365,ASV_3365,Nematoda,Chromadorea,Rhabditida,NA,NA,NA
4,ASV_3151,ASV_3151,Nematoda,Chromadorea,NA,NA,NA,NA
5,ASV_1269,ASV_1269,Nematoda,Chromadorea,NA,NA,NA,NA
5,ASV_3052,ASV_1269,Nematoda,Chromadorea,NA,NA,NA,NA
6,ASV_3025,ASV_3025,Nematoda,Chromadorea,NA,NA,NA,NA
6,ASV_474,ASV_3025,Nematoda,Chromadorea,NA,NA,NA,NA
6,ASV_620,ASV_3025,Nematoda,Chromadorea,NA,NA,NA,NA
7,ASV_1022,ASV_1022,Nematoda,Chromadorea,NA,NA,NA,NA
7,ASV_208,ASV_1022,Nematoda,Chromadorea,NA,NA,NA,NA
7,ASV_2846,ASV_1022,Nematoda,Chromadorea,NA,NA,NA,NA
7,ASV_948,ASV_1022,Nematoda,Chromadorea,NA,NA,NA,NA
8,ASV_2596,ASV_2596,Nematoda,NA,NA,NA,NA,NA
9,ASV_1596,ASV_1596,Nematoda,Chromadorea,Strongylida,NA,NA,NA
9,ASV_2404,ASV_1596,Nematoda,Chromadorea,Strongylida,NA,NA,NA
9,ASV_450,ASV_1596,Nematoda,Chromadorea,Strongylida,NA,NA,NA
9,ASV_541,ASV_1596,Nematoda,Chromadorea,Strongylida,NA,NA,NA
9,ASV_891,ASV_1596,Nematoda,Chromadorea,Strongylida,NA,NA,NA
10,ASV_2714,ASV_2714,Nematoda,Chromadorea,Strongylida,NA,NA,NA
11,ASV_1013,ASV_1013,Nematoda,Chromadorea,NA,NA,NA,NA
11,ASV_1465,ASV_1013,Nematoda,Chromadorea,NA,NA,NA,NA
11,ASV_2168,ASV_1013,Nematoda,Chromadorea,NA,NA,NA,NA
12,ASV_2011,ASV_2011,Nematoda,Chromadorea,Rhabditida,NA,NA,NA
12,ASV_2400,ASV_2011,Nematoda,Chromadorea,Rhabditida,NA,NA,NA
13,ASV_1904,ASV_1904,Nematoda,Chromadorea,Rhabditida,NA,NA,NA
13,ASV_2807,ASV_1904,Nematoda,Chromadorea,Rhabditida,NA,NA,NA
13,ASV_540,ASV_1904,Nematoda,Chromadorea,Rhabditida,NA,NA,NA
14,ASV_1577,ASV_1577,Nematoda,NA,NA,NA,NA,NA
15,ASV_1483,ASV_1483,Nematoda,Chromadorea,Rhabditida,Hoplolaimidae,Helicotylenchus,Helicotylenchus_multicinctus
15,ASV_1970,ASV_1483,Nematoda,Chromadorea,Rhabditida,Hoplolaimidae,Helicotylenchus,Helicotylenchus_multicinctus
15,ASV_231,ASV_1483,Nematoda,Chromadorea,Rhabditida,Hoplolaimidae,Helicotylenchus,Helicotylenchus_multicinctus
16,ASV_1184,ASV_1653,Nematoda,Chromadorea,Rhabditida,NA,NA,NA
16,ASV_1358,ASV_1653,Nematoda,Chromadorea,Rhabditida,NA,NA,NA
16,ASV_1360,ASV_1653,Nematoda,Chromadorea,Rhabditida,NA,NA,NA
16,ASV_1653,ASV_1653,Nematoda,Chromadorea,Rhabditida,NA,NA,NA
16,ASV_1886,ASV_1653,Nematoda,Chromadorea,Rhabditida,NA,NA,NA
16,ASV_1965,ASV_1653,Nematoda,Chromadorea,Rhabditida,NA,NA,NA
16,ASV_3594,ASV_1653,Nematoda,Chromadorea,Rhabditida,NA,NA,NA
16,ASV_4028,ASV_1653,Nematoda,Chromadorea,Rhabditida,NA,NA,NA
17,ASV_1497,ASV_1497,Nematoda,Chromadorea,NA,NA,NA,NA
17,ASV_2503,ASV_1497,Nematoda,Chromadorea,NA,NA,NA,NA
18,ASV_1239,ASV_1239,Nematoda,NA,NA,NA,NA,NA
18,ASV_132,ASV_1239,Nematoda,NA,NA,NA,NA,NA
18,ASV_1629,ASV_1239,Nematoda,NA,NA,NA,NA,NA
18,ASV_191,ASV_1239,Nematoda,NA,NA,NA,NA,NA
18,ASV_298,ASV_1239,Nematoda,NA,NA,NA,NA,NA
18,ASV_780,ASV_1239,Nematoda,NA,NA,NA,NA,NA
19,ASV_1129,ASV_1129,Nematoda,Chromadorea,Rhabditida,NA,NA,NA
19,ASV_1221,ASV_1129,Nematoda,Chromadorea,Rhabditida,NA,NA,NA
20,ASV_1304,ASV_1304,Nematoda,Chromadorea,Rhabditida,NA,NA,NA
20,ASV_1340,ASV_1304,Nematoda,Chromadorea,Rhabditida,NA,NA,NA
20,ASV_1595,ASV_1304,Nematoda,Chromadorea,Rhabditida,NA,NA,NA
21,ASV_1066,ASV_1066,Nematoda,Chromadorea,Rhabditida,NA,NA,NA
21,ASV_1437,ASV_1066,Nematoda,Chromadorea,Rhabditida,NA,NA,NA
21,ASV_1713,ASV_1066,Nematoda,Chromadorea,Rhabditida,NA,NA,NA
21,ASV_1987,ASV_1066,Nematoda,Chromadorea,Rhabditida,NA,NA,NA
21,ASV_439,ASV_1066,Nematoda,Chromadorea,Rhabditida,NA,NA,NA
21,ASV_447,ASV_1066,Nematoda,Chromadorea,Rhabditida,NA,NA,NA
22,ASV_1017,ASV_1017,Nematoda,Chromadorea,NA,NA,NA,NA
22,ASV_1131,ASV_1017,Nematoda,Chromadorea,NA,NA,NA,NA
22,ASV_1194,ASV_1017,Nematoda,Chromadorea,NA,NA,NA,NA
22,ASV_1439,ASV_1017,Nematoda,Chromadorea,NA,NA,NA,NA
22,ASV_1557,ASV_1017,Nematoda,Chromadorea,NA,NA,NA,NA
22,ASV_3089,ASV_1017,Nematoda,Chromadorea,NA,NA,NA,NA
22,ASV_3676,ASV_1017,Nematoda,Chromadorea,NA,NA,NA,NA
22,ASV_784,ASV_1017,Nematoda,Chromadorea,NA,NA,NA,NA
22,ASV_839,ASV_1017,Nematoda,Chromadorea,NA,NA,NA,NA
22,ASV_965,ASV_1017,Nematoda,Chromadorea,NA,NA,NA,NA
23,ASV_1414,ASV_277,Nematoda,Chromadorea,NA,NA,NA,NA
23,ASV_1958,ASV_277,Nematoda,Chromadorea,NA,NA,NA,NA
23,ASV_2393,ASV_277,Nematoda,Chromadorea,NA,NA,NA,NA
23,ASV_2695,ASV_277,Nematoda,Chromadorea,NA,NA,NA,NA
23,ASV_277,ASV_277,Nematoda,Chromadorea,NA,NA,NA,NA
23,ASV_2837,ASV_277,Nematoda,Chromadorea,NA,NA,NA,NA
23,ASV_416,ASV_277,Nematoda,Chromadorea,NA,NA,NA,NA
24,ASV_1478,ASV_1478,Nematoda,Chromadorea,Rhabditida,NA,NA,NA
24,ASV_2546,ASV_1478,Nematoda,Chromadorea,Rhabditida,NA,NA,NA
24,ASV_885,ASV_1478,Nematoda,Chromadorea,Rhabditida,NA,NA,NA
25,ASV_1008,ASV_1008,Nematoda,Chromadorea,Rhabditida,NA,NA,NA
25,ASV_1419,ASV_1008,Nematoda,Chromadorea,Rhabditida,NA,NA,NA
25,ASV_1441,ASV_1008,Nematoda,Chromadorea,Rhabditida,NA,NA,NA
25,ASV_1477,ASV_1008,Nematoda,Chromadorea,Rhabditida,NA,NA,NA
25,ASV_1535,ASV_1008,Nematoda,Chromadorea,Rhabditida,NA,NA,NA
25,ASV_633,ASV_1008,Nematoda,Chromadorea,Rhabditida,NA,NA,NA
26,ASV_1282,ASV_451,Nematoda,Chromadorea,Rhabditida,NA,NA,NA
26,ASV_1292,ASV_451,Nematoda,Chromadorea,Rhabditida,NA,NA,NA
26,ASV_1317,ASV_451,Nematoda,Chromadorea,Rhabditida,NA,NA,NA
26,ASV_1565,ASV_451,Nematoda,Chromadorea,Rhabditida,NA,NA,NA
26,ASV_1824,ASV_451,Nematoda,Chromadorea,Rhabditida,NA,NA,NA
26,ASV_2286,ASV_451,Nematoda,Chromadorea,Rhabditida,NA,NA,NA
26,ASV_2425,ASV_451,Nematoda,Chromadorea,Rhabditida,NA,NA,NA
26,ASV_2426,ASV_451,Nematoda,Chromadorea,Rhabditida,NA,NA,NA
26,ASV_2617,ASV_451,Nematoda,Chromadorea,Rhabditida,NA,NA,NA
26,ASV_2754,ASV_451,Nematoda,Chromadorea,Rhabditida,NA,NA,NA
26,ASV_2877,ASV_451,Nematoda,Chromadorea,Rhabditida,NA,NA,NA
26,ASV_2943,ASV_451,Nematoda,Chromadorea,Rhabditida,NA,NA,NA
26,ASV_3013,ASV_451,Nematoda,Chromadorea,Rhabditida,NA,NA,NA
26,ASV_365,ASV_451,Nematoda,Chromadorea,Rhabditida,NA,NA,NA
26,ASV_451,ASV_451,Nematoda,Chromadorea,Rhabditida,NA,NA,NA
27,ASV_2818,ASV_2818,Nematoda,Chromadorea,Rhabditida,NA,NA,NA
28,ASV_1032,ASV_1032,Nematoda,Chromadorea,NA,NA,NA,NA
28,ASV_1154,ASV_1032,Nematoda,Chromadorea,NA,NA,NA,NA
28,ASV_3384,ASV_1032,Nematoda,Chromadorea,NA,NA,NA,NA
28,ASV_3579,ASV_1032,Nematoda,Chromadorea,NA,NA,NA,NA
28,ASV_4234,ASV_1032,Nematoda,Chromadorea,NA,NA,NA,NA
29,ASV_1786,ASV_1786,Nematoda,Chromadorea,Rhabditida,NA,NA,NA
30,ASV_2279,ASV_2279,Nematoda,Chromadorea,Rhabditida,NA,NA,NA
30,ASV_699,ASV_2279,Nematoda,Chromadorea,Rhabditida,NA,NA,NA
31,ASV_642,ASV_642,Nematoda,NA,NA,NA,NA,NA
32,ASV_1004,ASV_1004,Nematoda,Chromadorea,Rhabditida,NA,NA,NA
32,ASV_529,ASV_1004,Nematoda,Chromadorea,Rhabditida,NA,NA,NA
33,ASV_517,ASV_517,Nematoda,Chromadorea,NA,NA,NA,NA
33,ASV_938,ASV_517,Nematoda,Chromadorea,NA,NA,NA,NA
34,ASV_650,ASV_650,Nematoda,Chromadorea,NA,NA,NA,NA
35,ASV_250,ASV_250,Nematoda,Chromadorea,NA,NA,NA,NA
35,ASV_966,ASV_250,Nematoda,Chromadorea,NA,NA,NA,NA
36,ASV_1138,ASV_1138,Nematoda,Chromadorea,NA,NA,NA,NA
36,ASV_1177,ASV_1138,Nematoda,Chromadorea,NA,NA,NA,NA
36,ASV_1583,ASV_1138,Nematoda,Chromadorea,NA,NA,NA,NA
36,ASV_202,ASV_1138,Nematoda,Chromadorea,NA,NA,NA,NA
36,ASV_304,ASV_1138,Nematoda,Chromadorea,NA,NA,NA,NA
36,ASV_476,ASV_1138,Nematoda,Chromadorea,NA,NA,NA,NA
36,ASV_794,ASV_1138,Nematoda,Chromadorea,NA,NA,NA,NA
37,ASV_1073,ASV_1073,Nematoda,Chromadorea,NA,NA,NA,NA
37,ASV_1353,ASV_1073,Nematoda,Chromadorea,NA,NA,NA,NA
37,ASV_1939,ASV_1073,Nematoda,Chromadorea,NA,NA,NA,NA
37,ASV_2411,ASV_1073,Nematoda,Chromadorea,NA,NA,NA,NA
37,ASV_2661,ASV_1073,Nematoda,Chromadorea,NA,NA,NA,NA
37,ASV_2944,ASV_1073,Nematoda,Chromadorea,NA,NA,NA,NA
37,ASV_3242,ASV_1073,Nematoda,Chromadorea,NA,NA,NA,NA
38,ASV_2700,ASV_2700,Nematoda,Chromadorea,Rhabditida,NA,NA,NA
38,ASV_2701,ASV_2700,Nematoda,Chromadorea,Rhabditida,NA,NA,NA
38,ASV_2899,ASV_2700,Nematoda,Chromadorea,Rhabditida,NA,NA,NA
38,ASV_2954,ASV_2700,Nematoda,Chromadorea,Rhabditida,NA,NA,NA
38,ASV_3412,ASV_2700,Nematoda,Chromadorea,Rhabditida,NA,NA,NA
38,ASV_3636,ASV_2700,Nematoda,Chromadorea,Rhabditida,NA,NA,NA
39,ASV_1455,ASV_1455,Nematoda,Chromadorea,Rhabditida,NA,NA,NA
39,ASV_1559,ASV_1455,Nematoda,Chromadorea,Rhabditida,NA,NA,NA
39,ASV_1966,ASV_1455,Nematoda,Chromadorea,Rhabditida,NA,NA,NA
40,ASV_2061,ASV_2061,Nematoda,Chromadorea,NA,NA,NA,NA
40,ASV_2156,ASV_2061,Nematoda,Chromadorea,NA,NA,NA,NA
41,ASV_1187,ASV_1187,Nematoda,Chromadorea,NA,NA,NA,NA
41,ASV_350,ASV_1187,Nematoda,Chromadorea,NA,NA,NA,NA
41,ASV_490,ASV_1187,Nematoda,Chromadorea,NA,NA,NA,NA
41,ASV_582,ASV_1187,Nematoda,Chromadorea,NA,NA,NA,NA
41,ASV_688,ASV_1187,Nematoda,Chromadorea,NA,NA,NA,NA
41,ASV_749,ASV_1187,Nematoda,Chromadorea,NA,NA,NA,NA
41,ASV_917,ASV_1187,Nematoda,Chromadorea,NA,NA,NA,NA
42,ASV_1386,ASV_1386,Nematoda,NA,NA,NA,NA,NA
42,ASV_428,ASV_1386,Nematoda,NA,NA,NA,NA,NA
43,ASV_1070,ASV_1070,Nematoda,NA,NA,NA,NA,NA
43,ASV_618,ASV_1070,Nematoda,NA,NA,NA,NA,NA
43,ASV_933,ASV_1070,Nematoda,NA,NA,NA,NA,NA
44,ASV_328,ASV_328,Nematoda,Chromadorea,NA,NA,NA,NA
44,ASV_405,ASV_328,Nematoda,Chromadorea,NA,NA,NA,NA
44,ASV_493,ASV_328,Nematoda,Chromadorea,NA,NA,NA,NA
45,ASV_1581,ASV_1581,Nematoda,NA,NA,NA,NA,NA
45,ASV_1909,ASV_1581,Nematoda,NA,NA,NA,NA,NA
45,ASV_605,ASV_1581,Nematoda,NA,NA,NA,NA,NA
45,ASV_893,ASV_1581,Nematoda,NA,NA,NA,NA,NA
46,ASV_1227,ASV_1227,Nematoda,NA,NA,NA,NA,NA
46,ASV_1712,ASV_1227,Nematoda,NA,NA,NA,NA,NA
47,ASV_1058,ASV_1058,Nematoda,NA,NA,NA,NA,NA
47,ASV_681,ASV_1058,Nematoda,NA,NA,NA,NA,NA
48,ASV_3047,ASV_3047,Nematoda,Chromadorea,NA,NA,NA,NA
48,ASV_3077,ASV_3047,Nematoda,Chromadorea,NA,NA,NA,NA
49,ASV_126,ASV_126,Nematoda,NA,NA,NA,NA,NA
49,ASV_525,ASV_126,Nematoda,NA,NA,NA,NA,NA
49,ASV_720,ASV_126,Nematoda,NA,NA,NA,NA,NA
50,ASV_1380,ASV_1380,Nematoda,NA,NA,NA,NA,NA
51,ASV_1438,ASV_1438,Nematoda,Chromadorea,NA,NA,NA,NA
51,ASV_1777,ASV_1438,Nematoda,Chromadorea,NA,NA,NA,NA
51,ASV_2166,ASV_1438,Nematoda,Chromadorea,NA,NA,NA,NA
51,ASV_2257,ASV_1438,Nematoda,Chromadorea,NA,NA,NA,NA
51,ASV_3094,ASV_1438,Nematoda,Chromadorea,NA,NA,NA,NA
51,ASV_555,ASV_1438,Nematoda,Chromadorea,NA,NA,NA,NA
52,ASV_1776,ASV_1776,Nematoda,Chromadorea,NA,NA,NA,NA
52,ASV_2569,ASV_1776,Nematoda,Chromadorea,NA,NA,NA,NA
52,ASV_395,ASV_1776,Nematoda,Chromadorea,NA,NA,NA,NA
53,ASV_1652,ASV_1652,Nematoda,Chromadorea,Rhabditida,NA,NA,NA
53,ASV_1808,ASV_1652,Nematoda,Chromadorea,Rhabditida,NA,NA,NA
53,ASV_2280,ASV_1652,Nematoda,Chromadorea,Rhabditida,NA,NA,NA
53,ASV_2445,ASV_1652,Nematoda,Chromadorea,Rhabditida,NA,NA,NA
53,ASV_2531,ASV_1652,Nematoda,Chromadorea,Rhabditida,NA,NA,NA
54,ASV_1023,ASV_1023,Nematoda,Chromadorea,NA,NA,NA,NA
54,ASV_1166,ASV_1023,Nematoda,Chromadorea,NA,NA,NA,NA
54,ASV_1204,ASV_1023,Nematoda,Chromadorea,NA,NA,NA,NA
54,ASV_1210,ASV_1023,Nematoda,Chromadorea,NA,NA,NA,NA
54,ASV_1342,ASV_1023,Nematoda,Chromadorea,NA,NA,NA,NA
54,ASV_929,ASV_1023,Nematoda,Chromadorea,NA,NA,NA,NA
54,ASV_937,ASV_1023,Nematoda,Chromadorea,NA,NA,NA,NA
55,ASV_600,ASV_600,Nematoda,Chromadorea,NA,NA,NA,NA
55,ASV_985,ASV_600,Nematoda,Chromadorea,NA,NA,NA,NA
56,ASV_1427,ASV_1427,Nematoda,Chromadorea,NA,NA,NA,NA
56,ASV_1666,ASV_1427,Nematoda,Chromadorea,NA,NA,NA,NA
56,ASV_2204,ASV_1427,Nematoda,Chromadorea,NA,NA,NA,NA
56,ASV_2390,ASV_1427,Nematoda,Chromadorea,NA,NA,NA,NA
56,ASV_2414,ASV_1427,Nematoda,Chromadorea,NA,NA,NA,NA
56,ASV_3308,ASV_1427,Nematoda,Chromadorea,NA,NA,NA,NA
57,ASV_1237,ASV_1237,Nematoda,Chromadorea,NA,NA,NA,NA
57,ASV_1530,ASV_1237,Nematoda,Chromadorea,NA,NA,NA,NA
57,ASV_1900,ASV_1237,Nematoda,Chromadorea,NA,NA,NA,NA
57,ASV_811,ASV_1237,Nematoda,Chromadorea,NA,NA,NA,NA
58,ASV_1306,ASV_1306,Nematoda,Chromadorea,Rhabditida,NA,NA,NA
58,ASV_1442,ASV_1306,Nematoda,Chromadorea,Rhabditida,NA,NA,NA
58,ASV_388,ASV_1306,Nematoda,Chromadorea,Rhabditida,NA,NA,NA
58,ASV_648,ASV_1306,Nematoda,Chromadorea,Rhabditida,NA,NA,NA
58,ASV_802,ASV_1306,Nematoda,Chromadorea,Rhabditida,NA,NA,NA
58,ASV_987,ASV_1306,Nematoda,Chromadorea,Rhabditida,NA,NA,NA
58,ASV_993,ASV_1306,Nematoda,Chromadorea,Rhabditida,NA,NA,NA
59,ASV_1318,ASV_1318,Nematoda,Chromadorea,NA,NA,NA,NA
59,ASV_1699,ASV_1318,Nematoda,Chromadorea,NA,NA,NA,NA
59,ASV_347,ASV_1318,Nematoda,Chromadorea,NA,NA,NA,NA
60,ASV_2356,ASV_2356,Nematoda,Chromadorea,NA,NA,NA,NA
60,ASV_2508,ASV_2356,Nematoda,Chromadorea,NA,NA,NA,NA
61,ASV_1683,ASV_1683,Nematoda,Chromadorea,NA,NA,NA,NA
61,ASV_2243,ASV_1683,Nematoda,Chromadorea,NA,NA,NA,NA
61,ASV_591,ASV_1683,Nematoda,Chromadorea,NA,NA,NA,NA
62,ASV_1312,ASV_1844,Nematoda,Chromadorea,Rhabditida,NA,NA,NA
62,ASV_1335,ASV_1844,Nematoda,Chromadorea,Rhabditida,NA,NA,NA
62,ASV_1844,ASV_1844,Nematoda,Chromadorea,Rhabditida,NA,NA,NA
62,ASV_1960,ASV_1844,Nematoda,Chromadorea,Rhabditida,NA,NA,NA
62,ASV_2096,ASV_1844,Nematoda,Chromadorea,Rhabditida,NA,NA,NA
62,ASV_2665,ASV_1844,Nematoda,Chromadorea,Rhabditida,NA,NA,NA
62,ASV_342,ASV_1844,Nematoda,Chromadorea,Rhabditida,NA,NA,NA
62,ASV_528,ASV_1844,Nematoda,Chromadorea,Rhabditida,NA,NA,NA
62,ASV_756,ASV_1844,Nematoda,Chromadorea,Rhabditida,NA,NA,NA
62,ASV_821,ASV_1844,Nematoda,Chromadorea,Rhabditida,NA,NA,NA
62,ASV_904,ASV_1844,Nematoda,Chromadorea,Rhabditida,NA,NA,NA
63,ASV_1261,ASV_301,Nematoda,NA,NA,NA,NA,NA
63,ASV_3003,ASV_301,Nematoda,NA,NA,NA,NA,NA
63,ASV_301,ASV_301,Nematoda,NA,NA,NA,NA,NA
63,ASV_3292,ASV_301,Nematoda,NA,NA,NA,NA,NA
64,ASV_166,ASV_166,Nematoda,Chromadorea,Rhabditida,NA,NA,NA
64,ASV_272,ASV_166,Nematoda,Chromadorea,Rhabditida,NA,NA,NA
64,ASV_344,ASV_166,Nematoda,Chromadorea,Rhabditida,NA,NA,NA
64,ASV_359,ASV_166,Nematoda,Chromadorea,Rhabditida,NA,NA,NA
64,ASV_460,ASV_166,Nematoda,Chromadorea,Rhabditida,NA,NA,NA
64,ASV_790,ASV_166,Nematoda,Chromadorea,Rhabditida,NA,NA,NA
65,ASV_2634,ASV_2634,Nematoda,Chromadorea,Rhabditida,NA,NA,NA
66,ASV_3316,ASV_3316,Nematoda,Chromadorea,Rhabditida,NA,NA,NA
66,ASV_4424,ASV_3316,Nematoda,Chromadorea,Rhabditida,NA,NA,NA
67,ASV_2469,ASV_2469,Nematoda,Chromadorea,Rhabditida,NA,NA,NA
67,ASV_2697,ASV_2469,Nematoda,Chromadorea,Rhabditida,NA,NA,NA
67,ASV_2826,ASV_2469,Nematoda,Chromadorea,Rhabditida,NA,NA,NA
67,ASV_2841,ASV_2469,Nematoda,Chromadorea,Rhabditida,NA,NA,NA
67,ASV_3192,ASV_2469,Nematoda,Chromadorea,Rhabditida,NA,NA,NA
67,ASV_3326,ASV_2469,Nematoda,Chromadorea,Rhabditida,NA,NA,NA
68,ASV_1284,ASV_1284,Nematoda,NA,NA,NA,NA,NA
68,ASV_2850,ASV_1284,Nematoda,NA,NA,NA,NA,NA
68,ASV_2984,ASV_1284,Nematoda,NA,NA,NA,NA,NA
68,ASV_2991,ASV_1284,Nematoda,NA,NA,NA,NA,NA
68,ASV_696,ASV_1284,Nematoda,NA,NA,NA,NA,NA
69,ASV_2235,ASV_264,Nematoda,Chromadorea,NA,NA,NA,NA
69,ASV_264,ASV_264,Nematoda,Chromadorea,NA,NA,NA,NA
69,ASV_287,ASV_264,Nematoda,Chromadorea,NA,NA,NA,NA
70,ASV_1247,ASV_1247,Nematoda,Chromadorea,NA,NA,NA,NA
70,ASV_3901,ASV_1247,Nematoda,Chromadorea,NA,NA,NA,NA
71,ASV_2195,ASV_2195,Nematoda,Chromadorea,NA,NA,NA,NA
72,ASV_101,ASV_101,Nematoda,Chromadorea,Rhabditida,NA,NA,NA
72,ASV_296,ASV_101,Nematoda,Chromadorea,Rhabditida,NA,NA,NA
72,ASV_345,ASV_101,Nematoda,Chromadorea,Rhabditida,NA,NA,NA
72,ASV_941,ASV_101,Nematoda,Chromadorea,Rhabditida,NA,NA,NA
73,ASV_3086,ASV_3086,Nematoda,NA,NA,NA,NA,NA
73,ASV_3364,ASV_3086,Nematoda,NA,NA,NA,NA,NA
74,ASV_2320,ASV_2320,Nematoda,Chromadorea,NA,NA,NA,NA
74,ASV_3193,ASV_2320,Nematoda,Chromadorea,NA,NA,NA,NA
74,ASV_4015,ASV_2320,Nematoda,Chromadorea,NA,NA,NA,NA
74,ASV_4106,ASV_2320,Nematoda,Chromadorea,NA,NA,NA,NA
75,ASV_1772,ASV_1772,Nematoda,Chromadorea,Rhabditida,NA,NA,NA
75,ASV_2260,ASV_1772,Nematoda,Chromadorea,Rhabditida,NA,NA,NA
75,ASV_3093,ASV_1772,Nematoda,Chromadorea,Rhabditida,NA,NA,NA
75,ASV_3413,ASV_1772,Nematoda,Chromadorea,Rhabditida,NA,NA,NA
76,ASV_1783,ASV_1783,Nematoda,Chromadorea,NA,NA,NA,NA
76,ASV_1971,ASV_1783,Nematoda,Chromadorea,NA,NA,NA,NA
77,ASV_727,ASV_727,Nematoda,Chromadorea,Rhabditida,NA,NA,NA
77,ASV_789,ASV_727,Nematoda,Chromadorea,Rhabditida,NA,NA,NA
78,ASV_2797,ASV_2797,Nematoda,Chromadorea,NA,NA,NA,NA
78,ASV_3030,ASV_2797,Nematoda,Chromadorea,NA,NA,NA,NA
78,ASV_3108,ASV_2797,Nematoda,Chromadorea,NA,NA,NA,NA
78,ASV_3251,ASV_2797,Nematoda,Chromadorea,NA,NA,NA,NA
78,ASV_3911,ASV_2797,Nematoda,Chromadorea,NA,NA,NA,NA
79,ASV_1348,ASV_1348,Nematoda,Chromadorea,NA,NA,NA,NA
79,ASV_1811,ASV_1348,Nematoda,Chromadorea,NA,NA,NA,NA
80,ASV_2124,ASV_2124,Nematoda,Chromadorea,NA,NA,NA,NA
80,ASV_3007,ASV_2124,Nematoda,Chromadorea,NA,NA,NA,NA
80,ASV_3017,ASV_2124,Nematoda,Chromadorea,NA,NA,NA,NA
80,ASV_3806,ASV_2124,Nematoda,Chromadorea,NA,NA,NA,NA
81,ASV_422,ASV_422,Nematoda,NA,NA,NA,NA,NA
81,ASV_581,ASV_422,Nematoda,NA,NA,NA,NA,NA
82,ASV_1574,ASV_1574,Nematoda,Chromadorea,NA,NA,NA,NA
82,ASV_1722,ASV_1574,Nematoda,Chromadorea,NA,NA,NA,NA
83,ASV_224,ASV_224,Nematoda,Chromadorea,Rhabditida,NA,NA,NA
83,ASV_260,ASV_224,Nematoda,Chromadorea,Rhabditida,NA,NA,NA
84,ASV_1012,ASV_27,Nematoda,Chromadorea,Rhabditida,Rhabditidae,Oscheius,NA
84,ASV_112,ASV_27,Nematoda,Chromadorea,Rhabditida,Rhabditidae,Oscheius,NA
84,ASV_1164,ASV_27,Nematoda,Chromadorea,Rhabditida,Rhabditidae,Oscheius,NA
84,ASV_1390,ASV_27,Nematoda,Chromadorea,Rhabditida,Rhabditidae,Oscheius,NA
84,ASV_175,ASV_27,Nematoda,Chromadorea,Rhabditida,Rhabditidae,Oscheius,NA
84,ASV_27,ASV_27,Nematoda,Chromadorea,Rhabditida,Rhabditidae,Oscheius,NA
84,ASV_336,ASV_27,Nematoda,Chromadorea,Rhabditida,Rhabditidae,Oscheius,NA
84,ASV_397,ASV_27,Nematoda,Chromadorea,Rhabditida,Rhabditidae,Oscheius,NA
84,ASV_408,ASV_27,Nematoda,Chromadorea,Rhabditida,Rhabditidae,Oscheius,NA
84,ASV_523,ASV_27,Nematoda,Chromadorea,Rhabditida,Rhabditidae,Oscheius,NA
84,ASV_552,ASV_27,Nematoda,Chromadorea,Rhabditida,Rhabditidae,Oscheius,NA
84,ASV_613,ASV_27,Nematoda,Chromadorea,Rhabditida,Rhabditidae,Oscheius,NA
84,ASV_63,ASV_27,Nematoda,Chromadorea,Rhabditida,Rhabditidae,Oscheius,NA
84,ASV_656,ASV_27,Nematoda,Chromadorea,Rhabditida,Rhabditidae,Oscheius,NA
84,ASV_77,ASV_27,Nematoda,Chromadorea,Rhabditida,Rhabditidae,Oscheius,NA
85,ASV_1816,ASV_1816,Nematoda,Chromadorea,Rhabditida,NA,NA,NA
85,ASV_2432,ASV_1816,Nematoda,Chromadorea,Rhabditida,NA,NA,NA
85,ASV_3769,ASV_1816,Nematoda,Chromadorea,Rhabditida,NA,NA,NA
85,ASV_3821,ASV_1816,Nematoda,Chromadorea,Rhabditida,NA,NA,NA
86,ASV_1148,ASV_1148,Nematoda,Chromadorea,NA,NA,NA,NA
86,ASV_855,ASV_1148,Nematoda,Chromadorea,NA,NA,NA,NA
87,ASV_1626,ASV_1626,Nematoda,Chromadorea,Rhabditida,NA,NA,NA
87,ASV_1676,ASV_1626,Nematoda,Chromadorea,Rhabditida,NA,NA,NA
87,ASV_1993,ASV_1626,Nematoda,Chromadorea,Rhabditida,NA,NA,NA
87,ASV_2205,ASV_1626,Nematoda,Chromadorea,Rhabditida,NA,NA,NA
87,ASV_3044,ASV_1626,Nematoda,Chromadorea,Rhabditida,NA,NA,NA
87,ASV_823,ASV_1626,Nematoda,Chromadorea,Rhabditida,NA,NA,NA
87,ASV_851,ASV_1626,Nematoda,Chromadorea,Rhabditida,NA,NA,NA
88,ASV_1445,ASV_1445,Nematoda,NA,NA,NA,NA,NA
88,ASV_1929,ASV_1445,Nematoda,NA,NA,NA,NA,NA
88,ASV_775,ASV_1445,Nematoda,NA,NA,NA,NA,NA
88,ASV_952,ASV_1445,Nematoda,NA,NA,NA,NA,NA
89,ASV_1295,ASV_187,Nematoda,NA,NA,NA,NA,NA
89,ASV_1383,ASV_187,Nematoda,NA,NA,NA,NA,NA
89,ASV_1755,ASV_187,Nematoda,NA,NA,NA,NA,NA
89,ASV_1794,ASV_187,Nematoda,NA,NA,NA,NA,NA
89,ASV_1803,ASV_187,Nematoda,NA,NA,NA,NA,NA
89,ASV_1854,ASV_187,Nematoda,NA,NA,NA,NA,NA
89,ASV_187,ASV_187,Nematoda,NA,NA,NA,NA,NA
89,ASV_2023,ASV_187,Nematoda,NA,NA,NA,NA,NA
89,ASV_245,ASV_187,Nematoda,NA,NA,NA,NA,NA
89,ASV_2735,ASV_187,Nematoda,NA,NA,NA,NA,NA
89,ASV_3770,ASV_187,Nematoda,NA,NA,NA,NA,NA
90,ASV_113,ASV_113,Nematoda,Chromadorea,NA,NA,NA,NA
90,ASV_1301,ASV_113,Nematoda,Chromadorea,NA,NA,NA,NA
90,ASV_289,ASV_113,Nematoda,Chromadorea,NA,NA,NA,NA
90,ASV_423,ASV_113,Nematoda,Chromadorea,NA,NA,NA,NA
90,ASV_488,ASV_113,Nematoda,Chromadorea,NA,NA,NA,NA
90,ASV_667,ASV_113,Nematoda,Chromadorea,NA,NA,NA,NA
90,ASV_675,ASV_113,Nematoda,Chromadorea,NA,NA,NA,NA
91,ASV_1030,ASV_31,Nematoda,Chromadorea,Strongylida,NA,NA,NA
91,ASV_1036,ASV_31,Nematoda,Chromadorea,Strongylida,NA,NA,NA
91,ASV_1052,ASV_31,Nematoda,Chromadorea,Strongylida,NA,NA,NA
91,ASV_1056,ASV_31,Nematoda,Chromadorea,Strongylida,NA,NA,NA
91,ASV_1099,ASV_31,Nematoda,Chromadorea,Strongylida,NA,NA,NA
91,ASV_1102,ASV_31,Nematoda,Chromadorea,Strongylida,NA,NA,NA
91,ASV_1162,ASV_31,Nematoda,Chromadorea,Strongylida,NA,NA,NA
91,ASV_1167,ASV_31,Nematoda,Chromadorea,Strongylida,NA,NA,NA
91,ASV_1170,ASV_31,Nematoda,Chromadorea,Strongylida,NA,NA,NA
91,ASV_1171,ASV_31,Nematoda,Chromadorea,Strongylida,NA,NA,NA
91,ASV_1175,ASV_31,Nematoda,Chromadorea,Strongylida,NA,NA,NA
91,ASV_1283,ASV_31,Nematoda,Chromadorea,Strongylida,NA,NA,NA
91,ASV_1290,ASV_31,Nematoda,Chromadorea,Strongylida,NA,NA,NA
91,ASV_1291,ASV_31,Nematoda,Chromadorea,Strongylida,NA,NA,NA
91,ASV_1314,ASV_31,Nematoda,Chromadorea,Strongylida,NA,NA,NA
91,ASV_133,ASV_31,Nematoda,Chromadorea,Strongylida,NA,NA,NA
91,ASV_1347,ASV_31,Nematoda,Chromadorea,Strongylida,NA,NA,NA
91,ASV_1349,ASV_31,Nematoda,Chromadorea,Strongylida,NA,NA,NA
91,ASV_1371,ASV_31,Nematoda,Chromadorea,Strongylida,NA,NA,NA
91,ASV_1409,ASV_31,Nematoda,Chromadorea,Strongylida,NA,NA,NA
91,ASV_143,ASV_31,Nematoda,Chromadorea,Strongylida,NA,NA,NA
91,ASV_1432,ASV_31,Nematoda,Chromadorea,Strongylida,NA,NA,NA
91,ASV_1446,ASV_31,Nematoda,Chromadorea,Strongylida,NA,NA,NA
91,ASV_1463,ASV_31,Nematoda,Chromadorea,Strongylida,NA,NA,NA
91,ASV_1513,ASV_31,Nematoda,Chromadorea,Strongylida,NA,NA,NA
91,ASV_1529,ASV_31,Nematoda,Chromadorea,Strongylida,NA,NA,NA
91,ASV_1553,ASV_31,Nematoda,Chromadorea,Strongylida,NA,NA,NA
91,ASV_1639,ASV_31,Nematoda,Chromadorea,Strongylida,NA,NA,NA
91,ASV_1673,ASV_31,Nematoda,Chromadorea,Strongylida,NA,NA,NA
91,ASV_1769,ASV_31,Nematoda,Chromadorea,Strongylida,NA,NA,NA
91,ASV_1817,ASV_31,Nematoda,Chromadorea,Strongylida,NA,NA,NA
91,ASV_1911,ASV_31,Nematoda,Chromadorea,Strongylida,NA,NA,NA
91,ASV_193,ASV_31,Nematoda,Chromadorea,Strongylida,NA,NA,NA
91,ASV_1934,ASV_31,Nematoda,Chromadorea,Strongylida,NA,NA,NA
91,ASV_194,ASV_31,Nematoda,Chromadorea,Strongylida,NA,NA,NA
91,ASV_1956,ASV_31,Nematoda,Chromadorea,Strongylida,NA,NA,NA
91,ASV_220,ASV_31,Nematoda,Chromadorea,Strongylida,NA,NA,NA
91,ASV_261,ASV_31,Nematoda,Chromadorea,Strongylida,NA,NA,NA
91,ASV_31,ASV_31,Nematoda,Chromadorea,Strongylida,NA,NA,NA
91,ASV_319,ASV_31,Nematoda,Chromadorea,Strongylida,NA,NA,NA
91,ASV_349,ASV_31,Nematoda,Chromadorea,Strongylida,NA,NA,NA
91,ASV_403,ASV_31,Nematoda,Chromadorea,Strongylida,NA,NA,NA
91,ASV_413,ASV_31,Nematoda,Chromadorea,Strongylida,NA,NA,NA
91,ASV_496,ASV_31,Nematoda,Chromadorea,Strongylida,NA,NA,NA
91,ASV_50,ASV_31,Nematoda,Chromadorea,Strongylida,NA,NA,NA
91,ASV_500,ASV_31,Nematoda,Chromadorea,Strongylida,NA,NA,NA
91,ASV_506,ASV_31,Nematoda,Chromadorea,Strongylida,NA,NA,NA
91,ASV_556,ASV_31,Nematoda,Chromadorea,Strongylida,NA,NA,NA
91,ASV_571,ASV_31,Nematoda,Chromadorea,Strongylida,NA,NA,NA
91,ASV_574,ASV_31,Nematoda,Chromadorea,Strongylida,NA,NA,NA
91,ASV_578,ASV_31,Nematoda,Chromadorea,Strongylida,NA,NA,NA
91,ASV_607,ASV_31,Nematoda,Chromadorea,Strongylida,NA,NA,NA
91,ASV_608,ASV_31,Nematoda,Chromadorea,Strongylida,NA,NA,NA
91,ASV_707,ASV_31,Nematoda,Chromadorea,Strongylida,NA,NA,NA
91,ASV_713,ASV_31,Nematoda,Chromadorea,Strongylida,NA,NA,NA
91,ASV_771,ASV_31,Nematoda,Chromadorea,Strongylida,NA,NA,NA
91,ASV_772,ASV_31,Nematoda,Chromadorea,Strongylida,NA,NA,NA
91,ASV_774,ASV_31,Nematoda,Chromadorea,Strongylida,NA,NA,NA
91,ASV_78,ASV_31,Nematoda,Chromadorea,Strongylida,NA,NA,NA
91,ASV_846,ASV_31,Nematoda,Chromadorea,Strongylida,NA,NA,NA
91,ASV_930,ASV_31,Nematoda,Chromadorea,Strongylida,NA,NA,NA
91,ASV_958,ASV_31,Nematoda,Chromadorea,Strongylida,NA,NA,NA
91,ASV_960,ASV_31,Nematoda,Chromadorea,Strongylida,NA,NA,NA
91,ASV_971,ASV_31,Nematoda,Chromadorea,Strongylida,NA,NA,NA
91,ASV_974,ASV_31,Nematoda,Chromadorea,Strongylida,NA,NA,NA
92,ASV_1134,ASV_2,Nematoda,Chromadorea,Strongylida,Heligmonellidae,NA,NA
92,ASV_118,ASV_2,Nematoda,Chromadorea,Strongylida,Heligmonellidae,NA,NA
92,ASV_1186,ASV_2,Nematoda,Chromadorea,Strongylida,Heligmonellidae,NA,NA
92,ASV_119,ASV_2,Nematoda,Chromadorea,Strongylida,Heligmonellidae,NA,NA
92,ASV_1519,ASV_2,Nematoda,Chromadorea,Strongylida,Heligmonellidae,NA,NA
92,ASV_1687,ASV_2,Nematoda,Chromadorea,Strongylida,Heligmonellidae,NA,NA
92,ASV_1832,ASV_2,Nematoda,Chromadorea,Strongylida,Heligmonellidae,NA,NA
92,ASV_2,ASV_2,Nematoda,Chromadorea,Strongylida,Heligmonellidae,NA,NA
92,ASV_312,ASV_2,Nematoda,Chromadorea,Strongylida,Heligmonellidae,NA,NA
92,ASV_383,ASV_2,Nematoda,Chromadorea,Strongylida,Heligmonellidae,NA,NA
92,ASV_400,ASV_2,Nematoda,Chromadorea,Strongylida,Heligmonellidae,NA,NA
92,ASV_431,ASV_2,Nematoda,Chromadorea,Strongylida,Heligmonellidae,NA,NA
92,ASV_586,ASV_2,Nematoda,Chromadorea,Strongylida,Heligmonellidae,NA,NA
92,ASV_639,ASV_2,Nematoda,Chromadorea,Strongylida,Heligmonellidae,NA,NA
92,ASV_649,ASV_2,Nematoda,Chromadorea,Strongylida,Heligmonellidae,NA,NA
92,ASV_7,ASV_2,Nematoda,Chromadorea,Strongylida,Heligmonellidae,NA,NA
92,ASV_791,ASV_2,Nematoda,Chromadorea,Strongylida,Heligmonellidae,NA,NA
92,ASV_833,ASV_2,Nematoda,Chromadorea,Strongylida,Heligmonellidae,NA,NA
92,ASV_946,ASV_2,Nematoda,Chromadorea,Strongylida,Heligmonellidae,NA,NA
92,ASV_973,ASV_2,Nematoda,Chromadorea,Strongylida,Heligmonellidae,NA,NA
93,ASV_2202,ASV_2202,Nematoda,Chromadorea,Strongylida,Angiostrongylidae,Angiostrongylus,Angiostrongylus_cantonensis
93,ASV_2602,ASV_2202,Nematoda,Chromadorea,Strongylida,Angiostrongylidae,Angiostrongylus,Angiostrongylus_cantonensis
94,ASV_102,ASV_66,Nematoda,Chromadorea,Strongylida,Angiostrongylidae,Angiostrongylus,Angiostrongylus_cantonensis
94,ASV_1035,ASV_66,Nematoda,Chromadorea,Strongylida,Angiostrongylidae,Angiostrongylus,Angiostrongylus_cantonensis
94,ASV_1037,ASV_66,Nematoda,Chromadorea,Strongylida,Angiostrongylidae,Angiostrongylus,Angiostrongylus_cantonensis
94,ASV_207,ASV_66,Nematoda,Chromadorea,Strongylida,Angiostrongylidae,Angiostrongylus,Angiostrongylus_cantonensis
94,ASV_2122,ASV_66,Nematoda,Chromadorea,Strongylida,Angiostrongylidae,Angiostrongylus,Angiostrongylus_cantonensis
94,ASV_2183,ASV_66,Nematoda,Chromadorea,Strongylida,Angiostrongylidae,Angiostrongylus,Angiostrongylus_cantonensis
94,ASV_2277,ASV_66,Nematoda,Chromadorea,Strongylida,Angiostrongylidae,Angiostrongylus,Angiostrongylus_cantonensis
94,ASV_2378,ASV_66,Nematoda,Chromadorea,Strongylida,Angiostrongylidae,Angiostrongylus,Angiostrongylus_cantonensis
94,ASV_334,ASV_66,Nematoda,Chromadorea,Strongylida,Angiostrongylidae,Angiostrongylus,Angiostrongylus_cantonensis
94,ASV_629,ASV_66,Nematoda,Chromadorea,Strongylida,Angiostrongylidae,Angiostrongylus,Angiostrongylus_cantonensis
94,ASV_657,ASV_66,Nematoda,Chromadorea,Strongylida,Angiostrongylidae,Angiostrongylus,Angiostrongylus_cantonensis
94,ASV_66,ASV_66,Nematoda,Chromadorea,Strongylida,Angiostrongylidae,Angiostrongylus,Angiostrongylus_cantonensis
94,ASV_723,ASV_66,Nematoda,Chromadorea,Strongylida,Angiostrongylidae,Angiostrongylus,Angiostrongylus_cantonensis
95,ASV_1150,ASV_57,Nematoda,Chromadorea,Rhabditida,Rhabditidae,Caenorhabditis,Caenorhabditis_tropicalis
95,ASV_124,ASV_57,Nematoda,Chromadorea,Rhabditida,Rhabditidae,Caenorhabditis,Caenorhabditis_tropicalis
95,ASV_1678,ASV_57,Nematoda,Chromadorea,Rhabditida,Rhabditidae,Caenorhabditis,Caenorhabditis_tropicalis
95,ASV_197,ASV_57,Nematoda,Chromadorea,Rhabditida,Rhabditidae,Caenorhabditis,Caenorhabditis_tropicalis
95,ASV_222,ASV_57,Nematoda,Chromadorea,Rhabditida,Rhabditidae,Caenorhabditis,Caenorhabditis_tropicalis
95,ASV_249,ASV_57,Nematoda,Chromadorea,Rhabditida,Rhabditidae,Caenorhabditis,Caenorhabditis_tropicalis
95,ASV_2549,ASV_57,Nematoda,Chromadorea,Rhabditida,Rhabditidae,Caenorhabditis,Caenorhabditis_tropicalis
95,ASV_2573,ASV_57,Nematoda,Chromadorea,Rhabditida,Rhabditidae,Caenorhabditis,Caenorhabditis_tropicalis
95,ASV_2709,ASV_57,Nematoda,Chromadorea,Rhabditida,Rhabditidae,Caenorhabditis,Caenorhabditis_tropicalis
95,ASV_285,ASV_57,Nematoda,Chromadorea,Rhabditida,Rhabditidae,Caenorhabditis,Caenorhabditis_tropicalis
95,ASV_57,ASV_57,Nematoda,Chromadorea,Rhabditida,Rhabditidae,Caenorhabditis,Caenorhabditis_tropicalis
95,ASV_769,ASV_57,Nematoda,Chromadorea,Rhabditida,Rhabditidae,Caenorhabditis,Caenorhabditis_tropicalis
95,ASV_80,ASV_57,Nematoda,Chromadorea,Rhabditida,Rhabditidae,Caenorhabditis,Caenorhabditis_tropicalis
95,ASV_87,ASV_57,Nematoda,Chromadorea,Rhabditida,Rhabditidae,Caenorhabditis,Caenorhabditis_tropicalis
95,ASV_896,ASV_57,Nematoda,Chromadorea,Rhabditida,Rhabditidae,Caenorhabditis,Caenorhabditis_tropicalis
95,ASV_989,ASV_57,Nematoda,Chromadorea,Rhabditida,Rhabditidae,Caenorhabditis,Caenorhabditis_tropicalis
96,ASV_1,ASV_1,Nematoda,Chromadorea,Strongylida,Heligmonellidae,Nippostrongylus,Nippostrongylus_brasiliensis
96,ASV_1015,ASV_1,Nematoda,Chromadorea,Strongylida,Heligmonellidae,Nippostrongylus,Nippostrongylus_brasiliensis
96,ASV_105,ASV_1,Nematoda,Chromadorea,Strongylida,Heligmonellidae,Nippostrongylus,Nippostrongylus_brasiliensis
96,ASV_106,ASV_1,Nematoda,Chromadorea,Strongylida,Heligmonellidae,Nippostrongylus,Nippostrongylus_brasiliensis
96,ASV_107,ASV_1,Nematoda,Chromadorea,Strongylida,Heligmonellidae,Nippostrongylus,Nippostrongylus_brasiliensis
96,ASV_11,ASV_1,Nematoda,Chromadorea,Strongylida,Heligmonellidae,Nippostrongylus,Nippostrongylus_brasiliensis
96,ASV_1104,ASV_1,Nematoda,Chromadorea,Strongylida,Heligmonellidae,Nippostrongylus,Nippostrongylus_brasiliensis
96,ASV_1106,ASV_1,Nematoda,Chromadorea,Strongylida,Heligmonellidae,Nippostrongylus,Nippostrongylus_brasiliensis
96,ASV_1125,ASV_1,Nematoda,Chromadorea,Strongylida,Heligmonellidae,Nippostrongylus,Nippostrongylus_brasiliensis
96,ASV_117,ASV_1,Nematoda,Chromadorea,Strongylida,Heligmonellidae,Nippostrongylus,Nippostrongylus_brasiliensis
96,ASV_12,ASV_1,Nematoda,Chromadorea,Strongylida,Heligmonellidae,Nippostrongylus,Nippostrongylus_brasiliensis
96,ASV_1216,ASV_1,Nematoda,Chromadorea,Strongylida,Heligmonellidae,Nippostrongylus,Nippostrongylus_brasiliensis
96,ASV_123,ASV_1,Nematoda,Chromadorea,Strongylida,Heligmonellidae,Nippostrongylus,Nippostrongylus_brasiliensis
96,ASV_1230,ASV_1,Nematoda,Chromadorea,Strongylida,Heligmonellidae,Nippostrongylus,Nippostrongylus_brasiliensis
96,ASV_1235,ASV_1,Nematoda,Chromadorea,Strongylida,Heligmonellidae,Nippostrongylus,Nippostrongylus_brasiliensis
96,ASV_13,ASV_1,Nematoda,Chromadorea,Strongylida,Heligmonellidae,Nippostrongylus,Nippostrongylus_brasiliensis
96,ASV_1321,ASV_1,Nematoda,Chromadorea,Strongylida,Heligmonellidae,Nippostrongylus,Nippostrongylus_brasiliensis
96,ASV_1330,ASV_1,Nematoda,Chromadorea,Strongylida,Heligmonellidae,Nippostrongylus,Nippostrongylus_brasiliensis
96,ASV_1352,ASV_1,Nematoda,Chromadorea,Strongylida,Heligmonellidae,Nippostrongylus,Nippostrongylus_brasiliensis
96,ASV_136,ASV_1,Nematoda,Chromadorea,Strongylida,Heligmonellidae,Nippostrongylus,Nippostrongylus_brasiliensis
96,ASV_1370,ASV_1,Nematoda,Chromadorea,Strongylida,Heligmonellidae,Nippostrongylus,Nippostrongylus_brasiliensis
96,ASV_1402,ASV_1,Nematoda,Chromadorea,Strongylida,Heligmonellidae,Nippostrongylus,Nippostrongylus_brasiliensis
96,ASV_150,ASV_1,Nematoda,Chromadorea,Strongylida,Heligmonellidae,Nippostrongylus,Nippostrongylus_brasiliensis
96,ASV_151,ASV_1,Nematoda,Chromadorea,Strongylida,Heligmonellidae,Nippostrongylus,Nippostrongylus_brasiliensis
96,ASV_1520,ASV_1,Nematoda,Chromadorea,Strongylida,Heligmonellidae,Nippostrongylus,Nippostrongylus_brasiliensis
96,ASV_16,ASV_1,Nematoda,Chromadorea,Strongylida,Heligmonellidae,Nippostrongylus,Nippostrongylus_brasiliensis
96,ASV_162,ASV_1,Nematoda,Chromadorea,Strongylida,Heligmonellidae,Nippostrongylus,Nippostrongylus_brasiliensis
96,ASV_164,ASV_1,Nematoda,Chromadorea,Strongylida,Heligmonellidae,Nippostrongylus,Nippostrongylus_brasiliensis
96,ASV_167,ASV_1,Nematoda,Chromadorea,Strongylida,Heligmonellidae,Nippostrongylus,Nippostrongylus_brasiliensis
96,ASV_1688,ASV_1,Nematoda,Chromadorea,Strongylida,Heligmonellidae,Nippostrongylus,Nippostrongylus_brasiliensis
96,ASV_170,ASV_1,Nematoda,Chromadorea,Strongylida,Heligmonellidae,Nippostrongylus,Nippostrongylus_brasiliensis
96,ASV_18,ASV_1,Nematoda,Chromadorea,Strongylida,Heligmonellidae,Nippostrongylus,Nippostrongylus_brasiliensis
96,ASV_1823,ASV_1,Nematoda,Chromadorea,Strongylida,Heligmonellidae,Nippostrongylus,Nippostrongylus_brasiliensis
96,ASV_19,ASV_1,Nematoda,Chromadorea,Strongylida,Heligmonellidae,Nippostrongylus,Nippostrongylus_brasiliensis
96,ASV_1914,ASV_1,Nematoda,Chromadorea,Strongylida,Heligmonellidae,Nippostrongylus,Nippostrongylus_brasiliensis
96,ASV_2020,ASV_1,Nematoda,Chromadorea,Strongylida,Heligmonellidae,Nippostrongylus,Nippostrongylus_brasiliensis
96,ASV_2038,ASV_1,Nematoda,Chromadorea,Strongylida,Heligmonellidae,Nippostrongylus,Nippostrongylus_brasiliensis
96,ASV_211,ASV_1,Nematoda,Chromadorea,Strongylida,Heligmonellidae,Nippostrongylus,Nippostrongylus_brasiliensis
96,ASV_2130,ASV_1,Nematoda,Chromadorea,Strongylida,Heligmonellidae,Nippostrongylus,Nippostrongylus_brasiliensis
96,ASV_218,ASV_1,Nematoda,Chromadorea,Strongylida,Heligmonellidae,Nippostrongylus,Nippostrongylus_brasiliensis
96,ASV_22,ASV_1,Nematoda,Chromadorea,Strongylida,Heligmonellidae,Nippostrongylus,Nippostrongylus_brasiliensis
96,ASV_2203,ASV_1,Nematoda,Chromadorea,Strongylida,Heligmonellidae,Nippostrongylus,Nippostrongylus_brasiliensis
96,ASV_2238,ASV_1,Nematoda,Chromadorea,Strongylida,Heligmonellidae,Nippostrongylus,Nippostrongylus_brasiliensis
96,ASV_2330,ASV_1,Nematoda,Chromadorea,Strongylida,Heligmonellidae,Nippostrongylus,Nippostrongylus_brasiliensis
96,ASV_241,ASV_1,Nematoda,Chromadorea,Strongylida,Heligmonellidae,Nippostrongylus,Nippostrongylus_brasiliensis
96,ASV_2486,ASV_1,Nematoda,Chromadorea,Strongylida,Heligmonellidae,Nippostrongylus,Nippostrongylus_brasiliensis
96,ASV_2627,ASV_1,Nematoda,Chromadorea,Strongylida,Heligmonellidae,Nippostrongylus,Nippostrongylus_brasiliensis
96,ASV_2707,ASV_1,Nematoda,Chromadorea,Strongylida,Heligmonellidae,Nippostrongylus,Nippostrongylus_brasiliensis
96,ASV_2753,ASV_1,Nematoda,Chromadorea,Strongylida,Heligmonellidae,Nippostrongylus,Nippostrongylus_brasiliensis
96,ASV_282,ASV_1,Nematoda,Chromadorea,Strongylida,Heligmonellidae,Nippostrongylus,Nippostrongylus_brasiliensis
96,ASV_2884,ASV_1,Nematoda,Chromadorea,Strongylida,Heligmonellidae,Nippostrongylus,Nippostrongylus_brasiliensis
96,ASV_307,ASV_1,Nematoda,Chromadorea,Strongylida,Heligmonellidae,Nippostrongylus,Nippostrongylus_brasiliensis
96,ASV_37,ASV_1,Nematoda,Chromadorea,Strongylida,Heligmonellidae,Nippostrongylus,Nippostrongylus_brasiliensis
96,ASV_40,ASV_1,Nematoda,Chromadorea,Strongylida,Heligmonellidae,Nippostrongylus,Nippostrongylus_brasiliensis
96,ASV_464,ASV_1,Nematoda,Chromadorea,Strongylida,Heligmonellidae,Nippostrongylus,Nippostrongylus_brasiliensis
96,ASV_48,ASV_1,Nematoda,Chromadorea,Strongylida,Heligmonellidae,Nippostrongylus,Nippostrongylus_brasiliensis
96,ASV_495,ASV_1,Nematoda,Chromadorea,Strongylida,Heligmonellidae,Nippostrongylus,Nippostrongylus_brasiliensis
96,ASV_524,ASV_1,Nematoda,Chromadorea,Strongylida,Heligmonellidae,Nippostrongylus,Nippostrongylus_brasiliensis
96,ASV_640,ASV_1,Nematoda,Chromadorea,Strongylida,Heligmonellidae,Nippostrongylus,Nippostrongylus_brasiliensis
96,ASV_71,ASV_1,Nematoda,Chromadorea,Strongylida,Heligmonellidae,Nippostrongylus,Nippostrongylus_brasiliensis
96,ASV_770,ASV_1,Nematoda,Chromadorea,Strongylida,Heligmonellidae,Nippostrongylus,Nippostrongylus_brasiliensis
96,ASV_812,ASV_1,Nematoda,Chromadorea,Strongylida,Heligmonellidae,Nippostrongylus,Nippostrongylus_brasiliensis
96,ASV_83,ASV_1,Nematoda,Chromadorea,Strongylida,Heligmonellidae,Nippostrongylus,Nippostrongylus_brasiliensis
96,ASV_850,ASV_1,Nematoda,Chromadorea,Strongylida,Heligmonellidae,Nippostrongylus,Nippostrongylus_brasiliensis
96,ASV_856,ASV_1,Nematoda,Chromadorea,Strongylida,Heligmonellidae,Nippostrongylus,Nippostrongylus_brasiliensis
96,ASV_897,ASV_1,Nematoda,Chromadorea,Strongylida,Heligmonellidae,Nippostrongylus,Nippostrongylus_brasiliensis
96,ASV_9,ASV_1,Nematoda,Chromadorea,Strongylida,Heligmonellidae,Nippostrongylus,Nippostrongylus_brasiliensis
96,ASV_900,ASV_1,Nematoda,Chromadorea,Strongylida,Heligmonellidae,Nippostrongylus,Nippostrongylus_brasiliensis
96,ASV_926,ASV_1,Nematoda,Chromadorea,Strongylida,Heligmonellidae,Nippostrongylus,Nippostrongylus_brasiliensis
96,ASV_940,ASV_1,Nematoda,Chromadorea,Strongylida,Heligmonellidae,Nippostrongylus,Nippostrongylus_brasiliensis
96,ASV_943,ASV_1,Nematoda,Chromadorea,Strongylida,Heligmonellidae,Nippostrongylus,Nippostrongylus_brasiliensis
96,ASV_96,ASV_1,Nematoda,Chromadorea,Strongylida,Heligmonellidae,Nippostrongylus,Nippostrongylus_brasiliensis
96,ASV_976,ASV_1,Nematoda,Chromadorea,Strongylida,Heligmonellidae,Nippostrongylus,Nippostrongylus_brasiliensis
97,ASV_14,ASV_3,Nematoda,Chromadorea,Strongylida,Ancylostomatidae,Necator,Necator_americanus
97,ASV_17,ASV_3,Nematoda,Chromadorea,Strongylida,Ancylostomatidae,Necator,Necator_americanus
97,ASV_25,ASV_3,Nematoda,Chromadorea,Strongylida,Ancylostomatidae,Necator,Necator_americanus
97,ASV_29,ASV_3,Nematoda,Chromadorea,Strongylida,Ancylostomatidae,Necator,Necator_americanus
97,ASV_3,ASV_3,Nematoda,Chromadorea,Strongylida,Ancylostomatidae,Necator,Necator_americanus
97,ASV_35,ASV_3,Nematoda,Chromadorea,Strongylida,Ancylostomatidae,Necator,Necator_americanus
97,ASV_5,ASV_3,Nematoda,Chromadorea,Strongylida,Ancylostomatidae,Necator,Necator_americanus
97,ASV_505,ASV_3,Nematoda,Chromadorea,Strongylida,Ancylostomatidae,Necator,Necator_americanus
97,ASV_54,ASV_3,Nematoda,Chromadorea,Strongylida,Ancylostomatidae,Necator,Necator_americanus
97,ASV_67,ASV_3,Nematoda,Chromadorea,Strongylida,Ancylostomatidae,Necator,Necator_americanus
97,ASV_69,ASV_3,Nematoda,Chromadorea,Strongylida,Ancylostomatidae,Necator,Necator_americanus
97,ASV_86,ASV_3,Nematoda,Chromadorea,Strongylida,Ancylostomatidae,Necator,Necator_americanus
98,ASV_283,ASV_283,Nematoda,Chromadorea,Strongylida,Syngamidae,Syngamus,Syngamus_trachea
99,ASV_1338,ASV_23,Nematoda,Chromadorea,Strongylida,NA,NA,NA
99,ASV_2033,ASV_23,Nematoda,Chromadorea,Strongylida,NA,NA,NA
99,ASV_23,ASV_23,Nematoda,Chromadorea,Strongylida,NA,NA,NA
99,ASV_45,ASV_23,Nematoda,Chromadorea,Strongylida,NA,NA,NA
99,ASV_962,ASV_23,Nematoda,Chromadorea,Strongylida,NA,NA,NA
100,ASV_1007,ASV_32,Nematoda,Chromadorea,Strongylida,Trichostrongylidae,Viannaia,NA
100,ASV_1111,ASV_32,Nematoda,Chromadorea,Strongylida,Trichostrongylidae,Viannaia,NA
100,ASV_1147,ASV_32,Nematoda,Chromadorea,Strongylida,Trichostrongylidae,Viannaia,NA
100,ASV_121,ASV_32,Nematoda,Chromadorea,Strongylida,Trichostrongylidae,Viannaia,NA
100,ASV_125,ASV_32,Nematoda,Chromadorea,Strongylida,Trichostrongylidae,Viannaia,NA
100,ASV_1329,ASV_32,Nematoda,Chromadorea,Strongylida,Trichostrongylidae,Viannaia,NA
100,ASV_1333,ASV_32,Nematoda,Chromadorea,Strongylida,Trichostrongylidae,Viannaia,NA
100,ASV_144,ASV_32,Nematoda,Chromadorea,Strongylida,Trichostrongylidae,Viannaia,NA
100,ASV_1534,ASV_32,Nematoda,Chromadorea,Strongylida,Trichostrongylidae,Viannaia,NA
100,ASV_1576,ASV_32,Nematoda,Chromadorea,Strongylida,Trichostrongylidae,Viannaia,NA
100,ASV_1770,ASV_32,Nematoda,Chromadorea,Strongylida,Trichostrongylidae,Viannaia,NA
100,ASV_1866,ASV_32,Nematoda,Chromadorea,Strongylida,Trichostrongylidae,Viannaia,NA
100,ASV_1888,ASV_32,Nematoda,Chromadorea,Strongylida,Trichostrongylidae,Viannaia,NA
100,ASV_203,ASV_32,Nematoda,Chromadorea,Strongylida,Trichostrongylidae,Viannaia,NA
100,ASV_242,ASV_32,Nematoda,Chromadorea,Strongylida,Trichostrongylidae,Viannaia,NA
100,ASV_32,ASV_32,Nematoda,Chromadorea,Strongylida,Trichostrongylidae,Viannaia,NA
100,ASV_368,ASV_32,Nematoda,Chromadorea,Strongylida,Trichostrongylidae,Viannaia,NA
100,ASV_393,ASV_32,Nematoda,Chromadorea,Strongylida,Trichostrongylidae,Viannaia,NA
100,ASV_406,ASV_32,Nematoda,Chromadorea,Strongylida,Trichostrongylidae,Viannaia,NA
100,ASV_435,ASV_32,Nematoda,Chromadorea,Strongylida,Trichostrongylidae,Viannaia,NA
100,ASV_603,ASV_32,Nematoda,Chromadorea,Strongylida,Trichostrongylidae,Viannaia,NA
100,ASV_616,ASV_32,Nematoda,Chromadorea,Strongylida,Trichostrongylidae,Viannaia,NA
100,ASV_619,ASV_32,Nematoda,Chromadorea,Strongylida,Trichostrongylidae,Viannaia,NA
100,ASV_637,ASV_32,Nematoda,Chromadorea,Strongylida,Trichostrongylidae,Viannaia,NA
100,ASV_721,ASV_32,Nematoda,Chromadorea,Strongylida,Trichostrongylidae,Viannaia,NA
100,ASV_743,ASV_32,Nematoda,Chromadorea,Strongylida,Trichostrongylidae,Viannaia,NA
100,ASV_759,ASV_32,Nematoda,Chromadorea,Strongylida,Trichostrongylidae,Viannaia,NA
100,ASV_763,ASV_32,Nematoda,Chromadorea,Strongylida,Trichostrongylidae,Viannaia,NA
100,ASV_89,ASV_32,Nematoda,Chromadorea,Strongylida,Trichostrongylidae,Viannaia,NA
100,ASV_898,ASV_32,Nematoda,Chromadorea,Strongylida,Trichostrongylidae,Viannaia,NA
100,ASV_935,ASV_32,Nematoda,Chromadorea,Strongylida,Trichostrongylidae,Viannaia,NA
100,ASV_95,ASV_32,Nematoda,Chromadorea,Strongylida,Trichostrongylidae,Viannaia,NA
101,ASV_100,ASV_100,Nematoda,Chromadorea,Strongylida,Trichostrongylidae,Viannaia,NA
101,ASV_1476,ASV_100,Nematoda,Chromadorea,Strongylida,Trichostrongylidae,Viannaia,NA
101,ASV_1742,ASV_100,Nematoda,Chromadorea,Strongylida,Trichostrongylidae,Viannaia,NA
101,ASV_295,ASV_100,Nematoda,Chromadorea,Strongylida,Trichostrongylidae,Viannaia,NA
101,ASV_385,ASV_100,Nematoda,Chromadorea,Strongylida,Trichostrongylidae,Viannaia,NA
101,ASV_655,ASV_100,Nematoda,Chromadorea,Strongylida,Trichostrongylidae,Viannaia,NA
101,ASV_798,ASV_100,Nematoda,Chromadorea,Strongylida,Trichostrongylidae,Viannaia,NA
101,ASV_852,ASV_100,Nematoda,Chromadorea,Strongylida,Trichostrongylidae,Viannaia,NA
101,ASV_918,ASV_100,Nematoda,Chromadorea,Strongylida,Trichostrongylidae,Viannaia,NA
102,ASV_1047,ASV_223,Nematoda,Chromadorea,Strongylida,NA,NA,NA
102,ASV_1495,ASV_223,Nematoda,Chromadorea,Strongylida,NA,NA,NA
102,ASV_1657,ASV_223,Nematoda,Chromadorea,Strongylida,NA,NA,NA
102,ASV_1738,ASV_223,Nematoda,Chromadorea,Strongylida,NA,NA,NA
102,ASV_178,ASV_223,Nematoda,Chromadorea,Strongylida,NA,NA,NA
102,ASV_1910,ASV_223,Nematoda,Chromadorea,Strongylida,NA,NA,NA
102,ASV_223,ASV_223,Nematoda,Chromadorea,Strongylida,NA,NA,NA
102,ASV_559,ASV_223,Nematoda,Chromadorea,Strongylida,NA,NA,NA
102,ASV_691,ASV_223,Nematoda,Chromadorea,Strongylida,NA,NA,NA
103,ASV_1163,ASV_1163,Nematoda,Chromadorea,Strongylida,Trichostrongylidae,Viannaia,NA
103,ASV_1169,ASV_1163,Nematoda,Chromadorea,Strongylida,Trichostrongylidae,Viannaia,NA
103,ASV_1711,ASV_1163,Nematoda,Chromadorea,Strongylida,Trichostrongylidae,Viannaia,NA
103,ASV_920,ASV_1163,Nematoda,Chromadorea,Strongylida,Trichostrongylidae,Viannaia,NA
104,ASV_1228,ASV_84,Nematoda,Chromadorea,Strongylida,NA,NA,NA
104,ASV_2148,ASV_84,Nematoda,Chromadorea,Strongylida,NA,NA,NA
104,ASV_2471,ASV_84,Nematoda,Chromadorea,Strongylida,NA,NA,NA
104,ASV_511,ASV_84,Nematoda,Chromadorea,Strongylida,NA,NA,NA
104,ASV_719,ASV_84,Nematoda,Chromadorea,Strongylida,NA,NA,NA
104,ASV_84,ASV_84,Nematoda,Chromadorea,Strongylida,NA,NA,NA
104,ASV_841,ASV_84,Nematoda,Chromadorea,Strongylida,NA,NA,NA
104,ASV_890,ASV_84,Nematoda,Chromadorea,Strongylida,NA,NA,NA
105,ASV_1067,ASV_21,Nematoda,Chromadorea,Strongylida,NA,NA,NA
105,ASV_1122,ASV_21,Nematoda,Chromadorea,Strongylida,NA,NA,NA
105,ASV_1214,ASV_21,Nematoda,Chromadorea,Strongylida,NA,NA,NA
105,ASV_1344,ASV_21,Nematoda,Chromadorea,Strongylida,NA,NA,NA
105,ASV_183,ASV_21,Nematoda,Chromadorea,Strongylida,NA,NA,NA
105,ASV_196,ASV_21,Nematoda,Chromadorea,Strongylida,NA,NA,NA
105,ASV_21,ASV_21,Nematoda,Chromadorea,Strongylida,NA,NA,NA
105,ASV_325,ASV_21,Nematoda,Chromadorea,Strongylida,NA,NA,NA
105,ASV_364,ASV_21,Nematoda,Chromadorea,Strongylida,NA,NA,NA
105,ASV_676,ASV_21,Nematoda,Chromadorea,Strongylida,NA,NA,NA
105,ASV_680,ASV_21,Nematoda,Chromadorea,Strongylida,NA,NA,NA
105,ASV_803,ASV_21,Nematoda,Chromadorea,Strongylida,NA,NA,NA
105,ASV_972,ASV_21,Nematoda,Chromadorea,Strongylida,NA,NA,NA
106,ASV_1048,ASV_1048,Nematoda,Chromadorea,Strongylida,Trichostrongylidae,Viannaia,NA
107,ASV_1927,ASV_1927,Nematoda,Chromadorea,Strongylida,Trichostrongylidae,Viannaia,NA
108,ASV_1273,ASV_82,Nematoda,Chromadorea,Strongylida,NA,NA,NA
108,ASV_1748,ASV_82,Nematoda,Chromadorea,Strongylida,NA,NA,NA
108,ASV_320,ASV_82,Nematoda,Chromadorea,Strongylida,NA,NA,NA
108,ASV_394,ASV_82,Nematoda,Chromadorea,Strongylida,NA,NA,NA
108,ASV_494,ASV_82,Nematoda,Chromadorea,Strongylida,NA,NA,NA
108,ASV_547,ASV_82,Nematoda,Chromadorea,Strongylida,NA,NA,NA
108,ASV_796,ASV_82,Nematoda,Chromadorea,Strongylida,NA,NA,NA
108,ASV_82,ASV_82,Nematoda,Chromadorea,Strongylida,NA,NA,NA
109,ASV_234,ASV_234,Nematoda,Chromadorea,Strongylida,NA,NA,NA
109,ASV_267,ASV_234,Nematoda,Chromadorea,Strongylida,NA,NA,NA
109,ASV_401,ASV_234,Nematoda,Chromadorea,Strongylida,NA,NA,NA
109,ASV_466,ASV_234,Nematoda,Chromadorea,Strongylida,NA,NA,NA
109,ASV_530,ASV_234,Nematoda,Chromadorea,Strongylida,NA,NA,NA
110,ASV_1367,ASV_20,Nematoda,Chromadorea,Strongylida,NA,NA,NA
110,ASV_149,ASV_20,Nematoda,Chromadorea,Strongylida,NA,NA,NA
110,ASV_20,ASV_20,Nematoda,Chromadorea,Strongylida,NA,NA,NA
110,ASV_255,ASV_20,Nematoda,Chromadorea,Strongylida,NA,NA,NA
110,ASV_281,ASV_20,Nematoda,Chromadorea,Strongylida,NA,NA,NA
110,ASV_353,ASV_20,Nematoda,Chromadorea,Strongylida,NA,NA,NA
110,ASV_698,ASV_20,Nematoda,Chromadorea,Strongylida,NA,NA,NA
110,ASV_866,ASV_20,Nematoda,Chromadorea,Strongylida,NA,NA,NA
110,ASV_954,ASV_20,Nematoda,Chromadorea,Strongylida,NA,NA,NA
111,ASV_2026,ASV_2026,Nematoda,Chromadorea,Strongylida,Trichostrongylidae,NA,NA
111,ASV_419,ASV_2026,Nematoda,Chromadorea,Strongylida,Trichostrongylidae,NA,NA
111,ASV_737,ASV_2026,Nematoda,Chromadorea,Strongylida,Trichostrongylidae,NA,NA
112,ASV_1095,ASV_1095,Nematoda,Chromadorea,Strongylida,NA,NA,NA
112,ASV_1334,ASV_1095,Nematoda,Chromadorea,Strongylida,NA,NA,NA
112,ASV_206,ASV_1095,Nematoda,Chromadorea,Strongylida,NA,NA,NA
112,ASV_253,ASV_1095,Nematoda,Chromadorea,Strongylida,NA,NA,NA
113,ASV_1000,ASV_44,Nematoda,Chromadorea,Strongylida,NA,NA,NA
113,ASV_1076,ASV_44,Nematoda,Chromadorea,Strongylida,NA,NA,NA
113,ASV_1087,ASV_44,Nematoda,Chromadorea,Strongylida,NA,NA,NA
113,ASV_1178,ASV_44,Nematoda,Chromadorea,Strongylida,NA,NA,NA
113,ASV_1189,ASV_44,Nematoda,Chromadorea,Strongylida,NA,NA,NA
113,ASV_1199,ASV_44,Nematoda,Chromadorea,Strongylida,NA,NA,NA
113,ASV_1287,ASV_44,Nematoda,Chromadorea,Strongylida,NA,NA,NA
113,ASV_138,ASV_44,Nematoda,Chromadorea,Strongylida,NA,NA,NA
113,ASV_1434,ASV_44,Nematoda,Chromadorea,Strongylida,NA,NA,NA
113,ASV_148,ASV_44,Nematoda,Chromadorea,Strongylida,NA,NA,NA
113,ASV_1633,ASV_44,Nematoda,Chromadorea,Strongylida,NA,NA,NA
113,ASV_1663,ASV_44,Nematoda,Chromadorea,Strongylida,NA,NA,NA
113,ASV_181,ASV_44,Nematoda,Chromadorea,Strongylida,NA,NA,NA
113,ASV_2010,ASV_44,Nematoda,Chromadorea,Strongylida,NA,NA,NA
113,ASV_225,ASV_44,Nematoda,Chromadorea,Strongylida,NA,NA,NA
113,ASV_259,ASV_44,Nematoda,Chromadorea,Strongylida,NA,NA,NA
113,ASV_2923,ASV_44,Nematoda,Chromadorea,Strongylida,NA,NA,NA
113,ASV_310,ASV_44,Nematoda,Chromadorea,Strongylida,NA,NA,NA
113,ASV_366,ASV_44,Nematoda,Chromadorea,Strongylida,NA,NA,NA
113,ASV_382,ASV_44,Nematoda,Chromadorea,Strongylida,NA,NA,NA
113,ASV_421,ASV_44,Nematoda,Chromadorea,Strongylida,NA,NA,NA
113,ASV_436,ASV_44,Nematoda,Chromadorea,Strongylida,NA,NA,NA
113,ASV_44,ASV_44,Nematoda,Chromadorea,Strongylida,NA,NA,NA
113,ASV_504,ASV_44,Nematoda,Chromadorea,Strongylida,NA,NA,NA
113,ASV_553,ASV_44,Nematoda,Chromadorea,Strongylida,NA,NA,NA
113,ASV_644,ASV_44,Nematoda,Chromadorea,Strongylida,NA,NA,NA
113,ASV_661,ASV_44,Nematoda,Chromadorea,Strongylida,NA,NA,NA
113,ASV_664,ASV_44,Nematoda,Chromadorea,Strongylida,NA,NA,NA
113,ASV_677,ASV_44,Nematoda,Chromadorea,Strongylida,NA,NA,NA
113,ASV_748,ASV_44,Nematoda,Chromadorea,Strongylida,NA,NA,NA
113,ASV_816,ASV_44,Nematoda,Chromadorea,Strongylida,NA,NA,NA
113,ASV_842,ASV_44,Nematoda,Chromadorea,Strongylida,NA,NA,NA
113,ASV_956,ASV_44,Nematoda,Chromadorea,Strongylida,NA,NA,NA
113,ASV_982,ASV_44,Nematoda,Chromadorea,Strongylida,NA,NA,NA
114,ASV_1026,ASV_49,Nematoda,Chromadorea,Strongylida,Trichostrongylidae,NA,NA
114,ASV_1146,ASV_49,Nematoda,Chromadorea,Strongylida,Trichostrongylidae,NA,NA
114,ASV_1222,ASV_49,Nematoda,Chromadorea,Strongylida,Trichostrongylidae,NA,NA
114,ASV_1546,ASV_49,Nematoda,Chromadorea,Strongylida,Trichostrongylidae,NA,NA
114,ASV_1634,ASV_49,Nematoda,Chromadorea,Strongylida,Trichostrongylidae,NA,NA
114,ASV_294,ASV_49,Nematoda,Chromadorea,Strongylida,Trichostrongylidae,NA,NA
114,ASV_314,ASV_49,Nematoda,Chromadorea,Strongylida,Trichostrongylidae,NA,NA
114,ASV_351,ASV_49,Nematoda,Chromadorea,Strongylida,Trichostrongylidae,NA,NA
114,ASV_49,ASV_49,Nematoda,Chromadorea,Strongylida,Trichostrongylidae,NA,NA
114,ASV_622,ASV_49,Nematoda,Chromadorea,Strongylida,Trichostrongylidae,NA,NA
114,ASV_746,ASV_49,Nematoda,Chromadorea,Strongylida,Trichostrongylidae,NA,NA
114,ASV_894,ASV_49,Nematoda,Chromadorea,Strongylida,Trichostrongylidae,NA,NA
114,ASV_995,ASV_49,Nematoda,Chromadorea,Strongylida,Trichostrongylidae,NA,NA
115,ASV_587,ASV_587,Nematoda,Chromadorea,Strongylida,NA,NA,NA
115,ASV_705,ASV_587,Nematoda,Chromadorea,Strongylida,NA,NA,NA
116,ASV_173,ASV_173,Nematoda,Chromadorea,Strongylida,NA,NA,NA
116,ASV_537,ASV_173,Nematoda,Chromadorea,Strongylida,NA,NA,NA
117,ASV_358,ASV_358,Nematoda,Chromadorea,Strongylida,Trichostrongylidae,Viannaia,NA
117,ASV_735,ASV_358,Nematoda,Chromadorea,Strongylida,Trichostrongylidae,Viannaia,NA
118,ASV_1057,ASV_230,Nematoda,Chromadorea,Strongylida,Trichostrongylidae,Viannaia,NA
118,ASV_230,ASV_230,Nematoda,Chromadorea,Strongylida,Trichostrongylidae,Viannaia,NA
118,ASV_376,ASV_230,Nematoda,Chromadorea,Strongylida,Trichostrongylidae,Viannaia,NA
118,ASV_778,ASV_230,Nematoda,Chromadorea,Strongylida,Trichostrongylidae,Viannaia,NA
118,ASV_835,ASV_230,Nematoda,Chromadorea,Strongylida,Trichostrongylidae,Viannaia,NA
119,ASV_1078,ASV_1078,Nematoda,Chromadorea,Strongylida,NA,NA,NA
119,ASV_1268,ASV_1078,Nematoda,Chromadorea,Strongylida,NA,NA,NA
120,ASV_108,ASV_75,Nematoda,Chromadorea,Strongylida,NA,NA,NA
120,ASV_130,ASV_75,Nematoda,Chromadorea,Strongylida,NA,NA,NA
120,ASV_470,ASV_75,Nematoda,Chromadorea,Strongylida,NA,NA,NA
120,ASV_569,ASV_75,Nematoda,Chromadorea,Strongylida,NA,NA,NA
120,ASV_75,ASV_75,Nematoda,Chromadorea,Strongylida,NA,NA,NA
121,ASV_10,ASV_10,Nematoda,Chromadorea,Strongylida,NA,NA,NA
121,ASV_1049,ASV_10,Nematoda,Chromadorea,Strongylida,NA,NA,NA
121,ASV_111,ASV_10,Nematoda,Chromadorea,Strongylida,NA,NA,NA
121,ASV_122,ASV_10,Nematoda,Chromadorea,Strongylida,NA,NA,NA
121,ASV_1376,ASV_10,Nematoda,Chromadorea,Strongylida,NA,NA,NA
121,ASV_1404,ASV_10,Nematoda,Chromadorea,Strongylida,NA,NA,NA
121,ASV_1444,ASV_10,Nematoda,Chromadorea,Strongylida,NA,NA,NA
121,ASV_147,ASV_10,Nematoda,Chromadorea,Strongylida,NA,NA,NA
121,ASV_168,ASV_10,Nematoda,Chromadorea,Strongylida,NA,NA,NA
121,ASV_1872,ASV_10,Nematoda,Chromadorea,Strongylida,NA,NA,NA
121,ASV_198,ASV_10,Nematoda,Chromadorea,Strongylida,NA,NA,NA
121,ASV_2059,ASV_10,Nematoda,Chromadorea,Strongylida,NA,NA,NA
121,ASV_2249,ASV_10,Nematoda,Chromadorea,Strongylida,NA,NA,NA
121,ASV_236,ASV_10,Nematoda,Chromadorea,Strongylida,NA,NA,NA
121,ASV_2574,ASV_10,Nematoda,Chromadorea,Strongylida,NA,NA,NA
121,ASV_338,ASV_10,Nematoda,Chromadorea,Strongylida,NA,NA,NA
121,ASV_378,ASV_10,Nematoda,Chromadorea,Strongylida,NA,NA,NA
121,ASV_386,ASV_10,Nematoda,Chromadorea,Strongylida,NA,NA,NA
121,ASV_389,ASV_10,Nematoda,Chromadorea,Strongylida,NA,NA,NA
121,ASV_686,ASV_10,Nematoda,Chromadorea,Strongylida,NA,NA,NA
121,ASV_949,ASV_10,Nematoda,Chromadorea,Strongylida,NA,NA,NA
121,ASV_951,ASV_10,Nematoda,Chromadorea,Strongylida,NA,NA,NA
122,ASV_1028,ASV_171,Nematoda,Chromadorea,Strongylida,NA,NA,NA
122,ASV_1119,ASV_171,Nematoda,Chromadorea,Strongylida,NA,NA,NA
122,ASV_1447,ASV_171,Nematoda,Chromadorea,Strongylida,NA,NA,NA
122,ASV_1509,ASV_171,Nematoda,Chromadorea,Strongylida,NA,NA,NA
122,ASV_1531,ASV_171,Nematoda,Chromadorea,Strongylida,NA,NA,NA
122,ASV_1541,ASV_171,Nematoda,Chromadorea,Strongylida,NA,NA,NA
122,ASV_171,ASV_171,Nematoda,Chromadorea,Strongylida,NA,NA,NA
122,ASV_2208,ASV_171,Nematoda,Chromadorea,Strongylida,NA,NA,NA
122,ASV_427,ASV_171,Nematoda,Chromadorea,Strongylida,NA,NA,NA
122,ASV_593,ASV_171,Nematoda,Chromadorea,Strongylida,NA,NA,NA
122,ASV_602,ASV_171,Nematoda,Chromadorea,Strongylida,NA,NA,NA
122,ASV_729,ASV_171,Nematoda,Chromadorea,Strongylida,NA,NA,NA
122,ASV_801,ASV_171,Nematoda,Chromadorea,Strongylida,NA,NA,NA
123,ASV_1044,ASV_1044,Nematoda,Chromadorea,Strongylida,NA,NA,NA
123,ASV_1226,ASV_1044,Nematoda,Chromadorea,Strongylida,NA,NA,NA
123,ASV_1498,ASV_1044,Nematoda,Chromadorea,Strongylida,NA,NA,NA
123,ASV_1558,ASV_1044,Nematoda,Chromadorea,Strongylida,NA,NA,NA
123,ASV_1994,ASV_1044,Nematoda,Chromadorea,Strongylida,NA,NA,NA
123,ASV_2019,ASV_1044,Nematoda,Chromadorea,Strongylida,NA,NA,NA
123,ASV_2048,ASV_1044,Nematoda,Chromadorea,Strongylida,NA,NA,NA
123,ASV_2089,ASV_1044,Nematoda,Chromadorea,Strongylida,NA,NA,NA
123,ASV_519,ASV_1044,Nematoda,Chromadorea,Strongylida,NA,NA,NA
123,ASV_944,ASV_1044,Nematoda,Chromadorea,Strongylida,NA,NA,NA
123,ASV_997,ASV_1044,Nematoda,Chromadorea,Strongylida,NA,NA,NA
124,ASV_1357,ASV_332,Nematoda,Chromadorea,Strongylida,NA,NA,NA
124,ASV_257,ASV_332,Nematoda,Chromadorea,Strongylida,NA,NA,NA
124,ASV_276,ASV_332,Nematoda,Chromadorea,Strongylida,NA,NA,NA
124,ASV_332,ASV_332,Nematoda,Chromadorea,Strongylida,NA,NA,NA
124,ASV_356,ASV_332,Nematoda,Chromadorea,Strongylida,NA,NA,NA
124,ASV_417,ASV_332,Nematoda,Chromadorea,Strongylida,NA,NA,NA
124,ASV_456,ASV_332,Nematoda,Chromadorea,Strongylida,NA,NA,NA
124,ASV_486,ASV_332,Nematoda,Chromadorea,Strongylida,NA,NA,NA
124,ASV_526,ASV_332,Nematoda,Chromadorea,Strongylida,NA,NA,NA
124,ASV_575,ASV_332,Nematoda,Chromadorea,Strongylida,NA,NA,NA
124,ASV_888,ASV_332,Nematoda,Chromadorea,Strongylida,NA,NA,NA
125,ASV_174,ASV_6,Nematoda,Chromadorea,Strongylida,NA,NA,NA
125,ASV_179,ASV_6,Nematoda,Chromadorea,Strongylida,NA,NA,NA
125,ASV_221,ASV_6,Nematoda,Chromadorea,Strongylida,NA,NA,NA
125,ASV_2262,ASV_6,Nematoda,Chromadorea,Strongylida,NA,NA,NA
125,ASV_333,ASV_6,Nematoda,Chromadorea,Strongylida,NA,NA,NA
125,ASV_379,ASV_6,Nematoda,Chromadorea,Strongylida,NA,NA,NA
125,ASV_46,ASV_6,Nematoda,Chromadorea,Strongylida,NA,NA,NA
125,ASV_542,ASV_6,Nematoda,Chromadorea,Strongylida,NA,NA,NA
125,ASV_558,ASV_6,Nematoda,Chromadorea,Strongylida,NA,NA,NA
125,ASV_6,ASV_6,Nematoda,Chromadorea,Strongylida,NA,NA,NA
125,ASV_604,ASV_6,Nematoda,Chromadorea,Strongylida,NA,NA,NA
125,ASV_614,ASV_6,Nematoda,Chromadorea,Strongylida,NA,NA,NA
125,ASV_718,ASV_6,Nematoda,Chromadorea,Strongylida,NA,NA,NA
125,ASV_88,ASV_6,Nematoda,Chromadorea,Strongylida,NA,NA,NA
126,ASV_1034,ASV_560,Nematoda,Chromadorea,Strongylida,NA,NA,NA
126,ASV_442,ASV_560,Nematoda,Chromadorea,Strongylida,NA,NA,NA
126,ASV_445,ASV_560,Nematoda,Chromadorea,Strongylida,NA,NA,NA
126,ASV_560,ASV_560,Nematoda,Chromadorea,Strongylida,NA,NA,NA
126,ASV_623,ASV_560,Nematoda,Chromadorea,Strongylida,NA,NA,NA
127,ASV_1016,ASV_1016,Nematoda,Chromadorea,Strongylida,NA,NA,NA
127,ASV_1088,ASV_1016,Nematoda,Chromadorea,Strongylida,NA,NA,NA
127,ASV_1174,ASV_1016,Nematoda,Chromadorea,Strongylida,NA,NA,NA
127,ASV_1385,ASV_1016,Nematoda,Chromadorea,Strongylida,NA,NA,NA
127,ASV_1784,ASV_1016,Nematoda,Chromadorea,Strongylida,NA,NA,NA
127,ASV_343,ASV_1016,Nematoda,Chromadorea,Strongylida,NA,NA,NA
127,ASV_666,ASV_1016,Nematoda,Chromadorea,Strongylida,NA,NA,NA
127,ASV_710,ASV_1016,Nematoda,Chromadorea,Strongylida,NA,NA,NA
127,ASV_731,ASV_1016,Nematoda,Chromadorea,Strongylida,NA,NA,NA
127,ASV_764,ASV_1016,Nematoda,Chromadorea,Strongylida,NA,NA,NA
127,ASV_950,ASV_1016,Nematoda,Chromadorea,Strongylida,NA,NA,NA
127,ASV_980,ASV_1016,Nematoda,Chromadorea,Strongylida,NA,NA,NA
127,ASV_992,ASV_1016,Nematoda,Chromadorea,Strongylida,NA,NA,NA
127,ASV_999,ASV_1016,Nematoda,Chromadorea,Strongylida,NA,NA,NA
128,ASV_120,ASV_81,Nematoda,Chromadorea,Strongylida,NA,NA,NA
128,ASV_1648,ASV_81,Nematoda,Chromadorea,Strongylida,NA,NA,NA
128,ASV_205,ASV_81,Nematoda,Chromadorea,Strongylida,NA,NA,NA
128,ASV_2215,ASV_81,Nematoda,Chromadorea,Strongylida,NA,NA,NA
128,ASV_288,ASV_81,Nematoda,Chromadorea,Strongylida,NA,NA,NA
128,ASV_612,ASV_81,Nematoda,Chromadorea,Strongylida,NA,NA,NA
128,ASV_81,ASV_81,Nematoda,Chromadorea,Strongylida,NA,NA,NA
129,ASV_858,ASV_858,Nematoda,Chromadorea,NA,NA,NA,NA
130,ASV_1151,ASV_1151,Nematoda,Chromadorea,NA,NA,NA,NA
130,ASV_1450,ASV_1151,Nematoda,Chromadorea,NA,NA,NA,NA
130,ASV_2141,ASV_1151,Nematoda,Chromadorea,NA,NA,NA,NA
131,ASV_1542,ASV_1542,Nematoda,Chromadorea,Rhabditida,NA,NA,NA
131,ASV_2556,ASV_1542,Nematoda,Chromadorea,Rhabditida,NA,NA,NA
131,ASV_2645,ASV_1542,Nematoda,Chromadorea,Rhabditida,NA,NA,NA
131,ASV_2672,ASV_1542,Nematoda,Chromadorea,Rhabditida,NA,NA,NA
131,ASV_2834,ASV_1542,Nematoda,Chromadorea,Rhabditida,NA,NA,NA
131,ASV_3491,ASV_1542,Nematoda,Chromadorea,Rhabditida,NA,NA,NA
132,ASV_797,ASV_797,Nematoda,Chromadorea,NA,NA,NA,NA
133,ASV_1040,ASV_1040,Nematoda,NA,NA,NA,NA,NA
133,ASV_945,ASV_1040,Nematoda,NA,NA,NA,NA,NA
134,ASV_1262,ASV_1262,Nematoda,Chromadorea,Rhabditida,NA,NA,NA
134,ASV_1988,ASV_1262,Nematoda,Chromadorea,Rhabditida,NA,NA,NA
134,ASV_204,ASV_1262,Nematoda,Chromadorea,Rhabditida,NA,NA,NA
134,ASV_626,ASV_1262,Nematoda,Chromadorea,Rhabditida,NA,NA,NA
135,ASV_2485,ASV_387,Nematoda,NA,NA,NA,NA,NA
135,ASV_2600,ASV_387,Nematoda,NA,NA,NA,NA,NA
135,ASV_387,ASV_387,Nematoda,NA,NA,NA,NA,NA
135,ASV_557,ASV_387,Nematoda,NA,NA,NA,NA,NA
136,ASV_2131,ASV_2131,Nematoda,Chromadorea,NA,NA,NA,NA
136,ASV_2505,ASV_2131,Nematoda,Chromadorea,NA,NA,NA,NA
137,ASV_3140,ASV_3140,Nematoda,NA,NA,NA,NA,NA
137,ASV_3820,ASV_3140,Nematoda,NA,NA,NA,NA,NA
138,ASV_3595,ASV_3595,Nematoda,NA,NA,NA,NA,NA
139,ASV_2150,ASV_2150,Nematoda,Chromadorea,Rhabditida,NA,NA,NA
140,ASV_2361,ASV_2361,Nematoda,NA,NA,NA,NA,NA
141,ASV_561,ASV_561,Nematoda,Chromadorea,NA,NA,NA,NA
142,ASV_15,ASV_15,Nematoda,Chromadorea,Rhabditida,Rhabditidae,Caenorhabditis,Caenorhabditis_elegans
143,ASV_700,ASV_700,Nematoda,Chromadorea,Rhabditida,NA,NA,NA
144,ASV_2016,ASV_2016,Nematoda,Chromadorea,NA,NA,NA,NA
145,ASV_4052,ASV_4052,Nematoda,NA,NA,NA,NA,NA
146,ASV_28,ASV_28,Nematoda,Chromadorea,Rhabditida,Rhabditidae,Caenorhabditis,Caenorhabditis_briggsae
146,ASV_73,ASV_28,Nematoda,Chromadorea,Rhabditida,Rhabditidae,Caenorhabditis,Caenorhabditis_briggsae
146,ASV_817,ASV_28,Nematoda,Chromadorea,Rhabditida,Rhabditidae,Caenorhabditis,Caenorhabditis_briggsae
147,ASV_3276,ASV_3276,Nematoda,Chromadorea,Rhabditida,NA,NA,NA
148,ASV_1884,ASV_1884,Nematoda,NA,NA,NA,NA,NA
149,ASV_1682,ASV_1682,Nematoda,Chromadorea,NA,NA,NA,NA
150,ASV_2225,ASV_2225,Nematoda,NA,NA,NA,NA,NA
151,ASV_1020,ASV_1020,Nematoda,NA,NA,NA,NA,NA
152,ASV_827,ASV_827,Nematoda,Chromadorea,NA,NA,NA,NA
153,ASV_2071,ASV_2071,Nematoda,Chromadorea,NA,NA,NA,NA
154,ASV_768,ASV_768,Nematoda,NA,NA,NA,NA,NA
155,ASV_1843,ASV_1843,Nematoda,Chromadorea,NA,NA,NA,NA
156,ASV_1127,ASV_1127,Nematoda,Chromadorea,NA,NA,NA,NA
157,ASV_2778,ASV_2778,Nematoda,Chromadorea,NA,NA,NA,NA
158,ASV_1205,ASV_1205,Nematoda,Chromadorea,NA,NA,NA,NA
159,ASV_1573,ASV_1573,Nematoda,Chromadorea,NA,NA,NA,NA
160,ASV_857,ASV_857,Nematoda,Chromadorea,NA,NA,NA,NA
161,ASV_869,ASV_869,Nematoda,Chromadorea,NA,NA,NA,NA
162,ASV_3189,ASV_3189,Nematoda,Chromadorea,Rhabditida,NA,NA,NA
163,ASV_1103,ASV_1103,Nematoda,Chromadorea,NA,NA,NA,NA
164,ASV_979,ASV_979,Nematoda,Chromadorea,NA,NA,NA,NA
165,ASV_3196,ASV_3196,Nematoda,Chromadorea,NA,NA,NA,NA
166,ASV_2828,ASV_2828,Nematoda,Chromadorea,NA,NA,NA,NA
167,ASV_2968,ASV_2968,Nematoda,Chromadorea,NA,NA,NA,NA
168,ASV_1829,ASV_1829,Nematoda,NA,NA,NA,NA,NA
168,ASV_2363,ASV_1829,Nematoda,NA,NA,NA,NA,NA
169,ASV_1251,ASV_1251,Nematoda,Chromadorea,NA,NA,NA,NA
170,ASV_1025,ASV_1025,Nematoda,Chromadorea,NA,NA,NA,NA
170,ASV_3171,ASV_1025,Nematoda,Chromadorea,NA,NA,NA,NA
171,ASV_576,ASV_576,Nematoda,NA,NA,NA,NA,NA
172,ASV_2120,ASV_2120,Nematoda,Chromadorea,NA,NA,NA,NA
173,ASV_2187,ASV_2187,Nematoda,Chromadorea,Rhabditida,NA,NA,NA
174,ASV_522,ASV_522,Nematoda,Chromadorea,NA,NA,NA,NA
174,ASV_923,ASV_522,Nematoda,Chromadorea,NA,NA,NA,NA
175,ASV_482,ASV_482,Nematoda,Chromadorea,NA,NA,NA,NA
176,ASV_2108,ASV_2108,Nematoda,Chromadorea,NA,NA,NA,NA
177,ASV_454,ASV_454,Nematoda,Chromadorea,Rhabditida,NA,NA,NA
178,ASV_457,ASV_457,Nematoda,Chromadorea,Rhabditida,NA,NA,NA
179,ASV_2823,ASV_2823,Nematoda,NA,NA,NA,NA,NA
180,ASV_2139,ASV_2139,Nematoda,Chromadorea,NA,NA,NA,NA
180,ASV_233,ASV_2139,Nematoda,Chromadorea,NA,NA,NA,NA
180,ASV_437,ASV_2139,Nematoda,Chromadorea,NA,NA,NA,NA
180,ASV_481,ASV_2139,Nematoda,Chromadorea,NA,NA,NA,NA
181,ASV_577,ASV_577,Nematoda,Chromadorea,Strongylida,Heligmonellidae,Nippostrongylus,Nippostrongylus_brasiliensis
181,ASV_662,ASV_577,Nematoda,Chromadorea,Strongylida,Heligmonellidae,Nippostrongylus,Nippostrongylus_brasiliensis
182,ASV_1481,ASV_1481,Nematoda,Chromadorea,Rhabditida,NA,NA,NA
182,ASV_2218,ASV_1481,Nematoda,Chromadorea,Rhabditida,NA,NA,NA
183,ASV_910,ASV_910,Nematoda,Chromadorea,NA,NA,NA,NA
184,ASV_1258,ASV_1258,Nematoda,Chromadorea,NA,NA,NA,NA
184,ASV_1456,ASV_1258,Nematoda,Chromadorea,NA,NA,NA,NA
185,ASV_4088,ASV_4088,Nematoda,Chromadorea,NA,NA,NA,NA
186,ASV_1487,ASV_1487,Nematoda,Chromadorea,NA,NA,NA,NA
186,ASV_886,ASV_1487,Nematoda,Chromadorea,NA,NA,NA,NA
187,ASV_2285,ASV_2285,Nematoda,Chromadorea,NA,NA,NA,NA
188,ASV_2849,ASV_2849,Nematoda,Chromadorea,NA,NA,NA,NA
189,ASV_1298,ASV_1298,Nematoda,Chromadorea,NA,NA,NA,NA
190,ASV_2990,ASV_2990,Nematoda,NA,NA,NA,NA,NA
191,ASV_549,ASV_549,Nematoda,Chromadorea,NA,NA,NA,NA
192,ASV_822,ASV_822,Nematoda,Chromadorea,Rhabditida,NA,NA,NA
193,ASV_1552,ASV_1552,Nematoda,Chromadorea,NA,NA,NA,NA
194,ASV_3615,ASV_3615,Nematoda,NA,NA,NA,NA,NA
195,ASV_4099,ASV_4099,Nematoda,Chromadorea,NA,NA,NA,NA
196,ASV_1395,ASV_1395,Nematoda,NA,NA,NA,NA,NA
197,ASV_804,ASV_804,Nematoda,Chromadorea,NA,NA,NA,NA
198,ASV_412,ASV_412,Nematoda,Chromadorea,NA,NA,NA,NA
199,ASV_1896,ASV_1896,Nematoda,NA,NA,NA,NA,NA
200,ASV_268,ASV_268,Nematoda,Chromadorea,NA,NA,NA,NA
201,ASV_369,ASV_369,Nematoda,Chromadorea,NA,NA,NA,NA
202,ASV_429,ASV_429,Nematoda,Chromadorea,NA,NA,NA,NA
202,ASV_624,ASV_429,Nematoda,Chromadorea,NA,NA,NA,NA
203,ASV_1879,ASV_1879,Nematoda,Chromadorea,NA,NA,NA,NA
204,ASV_781,ASV_781,Nematoda,Chromadorea,Rhabditida,NA,NA,NA
205,ASV_880,ASV_880,Nematoda,Chromadorea,NA,NA,NA,NA
206,ASV_1665,ASV_1665,Nematoda,Chromadorea,NA,NA,NA,NA
207,ASV_925,ASV_925,Nematoda,NA,NA,NA,NA,NA
208,ASV_533,ASV_533,Nematoda,Chromadorea,NA,NA,NA,NA
208,ASV_645,ASV_533,Nematoda,Chromadorea,NA,NA,NA,NA
209,ASV_3509,ASV_3509,Nematoda,Chromadorea,NA,NA,NA,NA
210,ASV_3802,ASV_3802,Nematoda,NA,NA,NA,NA,NA
211,ASV_550,ASV_550,Nematoda,Chromadorea,NA,NA,NA,NA
211,ASV_751,ASV_550,Nematoda,Chromadorea,NA,NA,NA,NA
211,ASV_853,ASV_550,Nematoda,Chromadorea,NA,NA,NA,NA
212,ASV_1471,ASV_1471,Nematoda,NA,NA,NA,NA,NA
213,ASV_274,ASV_274,Nematoda,Chromadorea,NA,NA,NA,NA
213,ASV_374,ASV_274,Nematoda,Chromadorea,NA,NA,NA,NA
213,ASV_671,ASV_274,Nematoda,Chromadorea,NA,NA,NA,NA
213,ASV_715,ASV_274,Nematoda,Chromadorea,NA,NA,NA,NA
214,ASV_340,ASV_340,Nematoda,Chromadorea,NA,NA,NA,NA
215,ASV_665,ASV_665,Nematoda,NA,NA,NA,NA,NA
216,ASV_317,ASV_317,Nematoda,Chromadorea,NA,NA,NA,NA
216,ASV_425,ASV_317,Nematoda,Chromadorea,NA,NA,NA,NA
217,ASV_1670,ASV_1670,Nematoda,NA,NA,NA,NA,NA
218,ASV_2177,ASV_2177,Nematoda,NA,NA,NA,NA,NA
219,ASV_1850,ASV_1850,Nematoda,Chromadorea,Rhabditida,NA,NA,NA
220,ASV_3678,ASV_3678,Nematoda,NA,NA,NA,NA,NA
220,ASV_765,ASV_3678,Nematoda,NA,NA,NA,NA,NA
221,ASV_216,ASV_216,Nematoda,Chromadorea,NA,NA,NA,NA
221,ASV_411,ASV_216,Nematoda,Chromadorea,NA,NA,NA,NA
222,ASV_815,ASV_815,Nematoda,Chromadorea,NA,NA,NA,NA
223,ASV_3241,ASV_3241,Nematoda,Chromadorea,NA,NA,NA,NA
224,ASV_968,ASV_968,Nematoda,Chromadorea,NA,NA,NA,NA
225,ASV_392,ASV_392,Nematoda,Chromadorea,NA,NA,NA,NA
226,ASV_188,ASV_188,Nematoda,Chromadorea,Rhabditida,NA,NA,NA
226,ASV_441,ASV_188,Nematoda,Chromadorea,Rhabditida,NA,NA,NA
227,ASV_1152,ASV_1152,Nematoda,Chromadorea,Strongylida,Trichostrongylidae,Trichostrongylus,Trichostrongylus_colubriformis
227,ASV_156,ASV_1152,Nematoda,Chromadorea,Strongylida,Trichostrongylidae,Trichostrongylus,Trichostrongylus_colubriformis
227,ASV_373,ASV_1152,Nematoda,Chromadorea,Strongylida,Trichostrongylidae,Trichostrongylus,Trichostrongylus_colubriformis
227,ASV_991,ASV_1152,Nematoda,Chromadorea,Strongylida,Trichostrongylidae,Trichostrongylus,Trichostrongylus_colubriformis
228,ASV_26,ASV_26,Nematoda,Chromadorea,Strongylida,Trichostrongylidae,Trichostrongylus,Trichostrongylus_axei
229,ASV_2170,ASV_2170,Nematoda,NA,NA,NA,NA,NA
230,ASV_155,ASV_155,Nematoda,Chromadorea,Rhabditida,Rhabditidae,Oscheius,Oscheius_myriophilus
231,ASV_1018,ASV_1018,Nematoda,NA,NA,NA,NA,NA
232,ASV_1460,ASV_1460,Nematoda,Chromadorea,Rhabditida,NA,NA,NA
233,ASV_631,ASV_631,Nematoda,Chromadorea,Rhabditida,NA,NA,NA
234,ASV_299,ASV_299,Nematoda,Chromadorea,Rhabditida,Rhabditidae,Oscheius,Oscheius_myriophilus
235,ASV_114,ASV_114,Nematoda,Chromadorea,Strongylida,Chabertiidae,Oesophagostomum,NA
235,ASV_1425,ASV_114,Nematoda,Chromadorea,Strongylida,Chabertiidae,Oesophagostomum,NA
235,ASV_927,ASV_114,Nematoda,Chromadorea,Strongylida,Chabertiidae,Oesophagostomum,NA
236,ASV_1212,ASV_1212,Nematoda,NA,NA,NA,NA,NA
236,ASV_579,ASV_1212,Nematoda,NA,NA,NA,NA,NA
236,ASV_641,ASV_1212,Nematoda,NA,NA,NA,NA,NA
237,ASV_139,ASV_33,Nematoda,Chromadorea,Strongylida,Ancylostomatidae,NA,NA
237,ASV_219,ASV_33,Nematoda,Chromadorea,Strongylida,Ancylostomatidae,NA,NA
237,ASV_290,ASV_33,Nematoda,Chromadorea,Strongylida,Ancylostomatidae,NA,NA
237,ASV_33,ASV_33,Nematoda,Chromadorea,Strongylida,Ancylostomatidae,NA,NA
237,ASV_36,ASV_33,Nematoda,Chromadorea,Strongylida,Ancylostomatidae,NA,NA
237,ASV_51,ASV_33,Nematoda,Chromadorea,Strongylida,Ancylostomatidae,NA,NA
237,ASV_53,ASV_33,Nematoda,Chromadorea,Strongylida,Ancylostomatidae,NA,NA
237,ASV_56,ASV_33,Nematoda,Chromadorea,Strongylida,Ancylostomatidae,NA,NA
237,ASV_636,ASV_33,Nematoda,Chromadorea,Strongylida,Ancylostomatidae,NA,NA
238,ASV_152,ASV_4,Nematoda,Chromadorea,Strongylida,Ancylostomatidae,Ancylostoma,Ancylostoma_ceylanicum
238,ASV_186,ASV_4,Nematoda,Chromadorea,Strongylida,Ancylostomatidae,Ancylostoma,Ancylostoma_ceylanicum
238,ASV_217,ASV_4,Nematoda,Chromadorea,Strongylida,Ancylostomatidae,Ancylostoma,Ancylostoma_ceylanicum
238,ASV_24,ASV_4,Nematoda,Chromadorea,Strongylida,Ancylostomatidae,Ancylostoma,Ancylostoma_ceylanicum
238,ASV_34,ASV_4,Nematoda,Chromadorea,Strongylida,Ancylostomatidae,Ancylostoma,Ancylostoma_ceylanicum
238,ASV_38,ASV_4,Nematoda,Chromadorea,Strongylida,Ancylostomatidae,Ancylostoma,Ancylostoma_ceylanicum
238,ASV_39,ASV_4,Nematoda,Chromadorea,Strongylida,Ancylostomatidae,Ancylostoma,Ancylostoma_ceylanicum
238,ASV_4,ASV_4,Nematoda,Chromadorea,Strongylida,Ancylostomatidae,Ancylostoma,Ancylostoma_ceylanicum
238,ASV_41,ASV_4,Nematoda,Chromadorea,Strongylida,Ancylostomatidae,Ancylostoma,Ancylostoma_ceylanicum
238,ASV_59,ASV_4,Nematoda,Chromadorea,Strongylida,Ancylostomatidae,Ancylostoma,Ancylostoma_ceylanicum
238,ASV_62,ASV_4,Nematoda,Chromadorea,Strongylida,Ancylostomatidae,Ancylostoma,Ancylostoma_ceylanicum
238,ASV_74,ASV_4,Nematoda,Chromadorea,Strongylida,Ancylostomatidae,Ancylostoma,Ancylostoma_ceylanicum
238,ASV_76,ASV_4,Nematoda,Chromadorea,Strongylida,Ancylostomatidae,Ancylostoma,Ancylostoma_ceylanicum
238,ASV_8,ASV_4,Nematoda,Chromadorea,Strongylida,Ancylostomatidae,Ancylostoma,Ancylostoma_ceylanicum
